comment,sentiment
讲的能不能详细一点，一个视频六分钟？六分钟我就学会了？,0
讲题的时候能不能把电路图在解析的那一页加上，要不然还要画下来或者翻来覆去的看,0
垃圾，垃圾，垃圾,0
希望演示时镜头可以不一直移动，对于这种课程来说，镜头一直移动导致看不清动作变换，根本没法学习，这真的令人非常的失望。,0
"貌似有点慢
",0
听不懂啊啊啊啊,0
理解理解理解.,0
"觉得mooc算平时成绩真的不合理，有些人。。。老实人吃亏
",0
无聊，没意义,0
证书太便宜了,0
很多时候我无法完全记忆什么时候有作业，这使得我错过了很多次作业，可以加个提醒机制吗,0
"mooc做的真的差劲
",0
难以理解，不够生动形象,0
为什么找不到后面三节的,0
课后习题很多都是课程里面没有讲到的，有点超纲了,0
很好，课程知识点基本完整，但是少了一些基本操作的算法和程序讲解，另外，可以加上一些经典案例的讲解,0
按时听课完成作业结果没有证书，真是让人头大,0
课程讲解过于死板，不能调动学生的兴趣,0
一个学期都没消息，以为没人管理了，结果这个分数是怎么算的呢,0
不好！！！！,0
看完之后更新好慢，而且换电脑了，更新又不知道，,0
评分机制不清晰，不能直观体现，上完的单元课没有标记，移动端没有移植电脑端的所有功能，对iPad的优化太差,0
有些听了几遍还是不明白，我太蠢了,0
学习进度条不够明确，没有明确显示未学习内容,0
内容挺丰富的，但是老师的用词太过于简单如“very very”不能生动地体现所表达的意境，讲解时用的句式略带有中式思维，如“the number 3 point”，课程讲解应该避免过多的“how to say”这种插入语。老师的发音偏美式。对于高水平英语学习者的话，不太建议听。老师的经验是很丰富的，举得例子也很助于理解，但我个人只从语言方面来评价，仅供参考,0
文档 一直打不开，手机电脑不同步，系统有待提升。,0
"作业题干设定不明确，容易产生歧义
课程讲述不详细，学习时大部分时间依赖网络其他资源",0
"课程繁琐 任务太杂

",0
没必要做这个课程，全部在照书念,0
经常做了却显示未完成,0
平台上需完成的作业内容太多了，评论区大量的内容并不能使师生良好交流。极大加重了学习压力。,0
网课难道就是把PPT念一遍吗？,0
本来对这课满怀期待，两个月前就预约了课程，结果没想到老师不但没什么讲解，连PPT读都读不顺，真是大失所望。,0
差评  真的很差,0
课件有的有问题，希望自己审阅,0
为什么合格却没有证书，当时也没有地方申请证书,0
"第一章摄影师的镜头很晕
课件的问题几乎无处不在
老师讲解有明显错误",0
感觉讲的没有逻辑，听起来很难理解。说的国家精品，名不副实。,0
每单元都要换老师这种授课方式接受不了,0
老师只是在阅读ppt，没有什么其他帮助,0
总卡退 经常,0
有毛病我明明已经全部看完了进度条还没满微笑脸,0
太苛刻了吧，错过了期末考试，直接就完蛋了，平时白学了这么久。慕课也不通知有考试，真的是过分,0
老师的发音真是令人愁啊。,0
学习进度不同步,0
讲的不行，下架吧别在这丢华科的人了,0
一张证书发几年发不下来，应该不止我一个因为这一张电子证书面临学分不够无法毕业的情况吧？下面那些评论的是花了多少钱请的水军？！？！,0
为什么有些书上有的内容老师不讲那,0
证书要100太坑了,0
难啊，数学要命,0
学习过程更新慢,0
怕是机器人在读板书,0
建议把提交截至的课程重新开发，避免同学遗忘,0
很粗糙的课程,0
课程讲得还行，录制效果有点差,0
普通话 都讲不好，怎么听课啊，听着难受,0
没啥用，麻烦死了，要是没有测试，单元作业还行,0
有些失望，干货较少，后面的课程更是有大量的视频来凑数，感觉制作不是很用心。,0
课都讲完了，考核方式还能随意更改而且是彻底更改的，真是没见过。,0
给你一个差评。,0
课题不够详细,0
讲课一般般吧,0
很烂的课，老师太不负责任,0
照本宣科，听的好呆滞，,0
我不喜欢慕课,0
第5课信任一节的视频错了，请更正。,0
没有参考资料，学习不方便,0
呵呵，我们学校根本没有考握力考试，怎么在mooc 的测验里就有了？？？？？,0
"为啥是零点截止，我半夜11点多做作业，刚写完告诉我不能交了，这有点不太合理吧
 ",0
毫无帮助，一个体育课搞这么多视频出来，上体育课又不给时间看慕课视频，都在拍视频和课堂互动，这些视频要课余时间看，一个体育课要占用这么多时间合理？？？,0
太简单了，重难点不突出,0
就是在念课本,0
有很大的收获,0
开了课程，为什么还要关闭？,0
随机上传作业，从来不提前通知，要人一天24小时盯着这个课程。无语至极。然后再一看作业，就是已经截止，不知道是怎么设置得。,0
什么时候申请证书,0
呕。。。。。,0
"为什么我看了这么久！还是两个小时？
为什么 ，给我一个理由？
",0
全弄了几遍，还是没有完成,0
特别没意思，抓不住重点的感觉,0
零基础的童鞋表示一上来讲理论会比较乏味且不易理解，老师拿个牙齿模型讲会比较容易理解。,0
无甚用处，瞎折腾,0
没学就别做了,0
老师念ppt有意思不？我都要睡着了,0
形式主义，不喜欢,0
这还国家精品，就是读ppt……,0
特别的好，很好,0
ppt念的挺好,0
内容没问题 老师没毛病 就是软件。。。 卡死 加载不出来 体会,0
PPT基本念得一字不差，非常生硬，根本没有对其中内容做出具体的解读。,0
讲的真的不咋样，本来本着是华中的看的，结果也是个念ppt的，一言难尽，高校教师的质量真的，，,0
听过的最烂的mooc，照本宣科，敷衍了事！,0
全部照着读，以为我们是认不得字还是怎么的,0
教授讲课深入浅出，易懂、爱听！,0
学习干事非常差劲，而且评价内容还不让说不好听的话,0
太理论，太麻烦,0
有些学校的还绑定不起了!,0
这个测试时间也太短了吧,0
为什么一直不显示学习时长和学了多少课时,0
不好，一点也不好,0
没事找事给我们做,0
我很同意第五次开课的那位同学 逗豆mooc4 的评价 感觉评价像是刷出来的 因为老师其实就是生硬的照着ppt去念的 希望老师上课更加生动点 并且可以加入自己对于内容的思考与理解。当然也是因为我基础差点，可能衔接不上，不过还是希望老师阔以看看我的建议，谢谢！,0
搞互评就是脑子有问题，互评公平性从何而言。总有极少数同学随意打分,0
我觉得概念讲解不深，就想在读PPT,0
"多媒体看起来好难受啊
有没有不用多媒体的讲师",0
"不知道在干啥
",0
这音质，我tm无语了，这怎么评上的？越来越离谱,0
这课答案能改善吗？跟憨批一样，各种符号问题就这？,0
这课程怎么回事，是不是老师讲完课就不上线了，第一周的成绩还没出来，不知道后面要不要学了,0
没有营养，非常枯燥,0
基本是念ppt,0
   太难懂,0
看过的学时都不同步，看了一个小时才加几分钟,0
课程组织严密，讲解细致到位，非常好。只是到现在都还有一些问题未搞懂，如：1.不会发鼻浊音；2.存在句中，有时是...........哇.............咖.........；而有时又是........尼哇.........咖...........。到底为什么？何时用“哇”，何时用“尼哇”？,0
对着PPT一直念也行吗,0
为了看个课要把我手机卡坏，咋搞,0
内容还可以，有些地方讲的也不错，就是老师废话有点多，我是能明白老师是想通过讲课给大家讲讲人生的道理。但扯得有些远就有点影响听课体验了，还有估计老师是工科的老师，对于社会学、文科相关的论文写作因为不涉及到做实验之类的例子，所以听完还是听迷茫的~ 理工科的学生可以通过实验、数据来发表论文，那文科生呢？个人的观点论点很容易与他人重合、要论证的时候应该“引用？”“社调？”,0
这门课程考试评分标准含糊不清，让不少没有做高数1，2的人十分无语。肯定有人分母看了老师说的不需要做高数1，2。结果后来发现全部被坑了,0
这是我听过讲得最好的公司法课程，透彻、精辟。,0
"照本宣科，毫无特点，感受极差
",0
有点快，举的例子有点难,0
这课答案跟鬼一样垃圾，five,0
讲正太区间估计的那个女老师，ppt错了也照着念，明明是要算μ，变成了U。,0
两分给男老师，王峰老师，好自为之吧，别误人子弟了,0
互评真的好麻烦，浪费时间,0
期末考试时间随意更改，没有一点公信力。,0
哎。。。。无语了,0
测验有的题明明做对了，可却给我打错了,0
一点用都没有，垃圾软件,0
没收获，没意思，建议取消哦,0
希望有更多细节和更全面的知识,0
有的简单的地方好理解，觉得还行，有的难得地方讲得跟屎一样，直接跟着PPT练，有屁用，一点自己的讲课方式都没有，你是在练习普通话呢还是在讲课呢,0
文不对题，题目内容与课程内容完全不符,0
好难啊，正在认真学,0
这种念ppt的风格实在是。。欣赏不来,0
我觉得课堂可以再生动一点，有点枯燥乏味,0
教师讲课非常棒,0
作为一个985，课程质量有待提高,0
难学极了，分分钟逼疯我,0
不做实验就考试，verilog那部分怎么能很好的掌握,0
课程中级跳出的题目很好，但是填空题的方式回答因为标点符号原因，回答都是错的,0
"为什么我的看了的视频和没看的视频看上去没区别 别人的都能知道那些看过那些没看
",0
非常不满意，慕课上讲的其实都不是很全面，做预习用还可以，但老师完全直接就让看这个，课一点不讲，学的像shit一样,0
学习过程太繁琐,0
"动作讲解视频不清晰
",0
"还行吧有用
",0
不喜欢老师的讲课方式，讲的不够详细,0
照念PPT，不如直接看ppt文件,0
互评机制真恶心,0
这是近两年的教学吗？龟速念ppt……,0
概念真的很重要啊，同样的一道题错了三遍，就是把概念没搞清楚。,0
考试题都全是英文的，看都看不懂，。。。,0
"照着课本读也叫国家精品课？
",0
作业互评真的ex,0
这测试是真的脑瘫,0
没课件 不方便学习,0
在课堂上学习后线上的学习 给予了充分的复习，形式很棒给赞,0
垃圾，完全照着ppt念一遍就玩了，一点也不讲解，看这种垃圾视频还不如直接看书呢，真垃圾，真不知这么多好评哪里来的,0
意义不大而且容易被遗忘,0
没有任何作用,0
字幕都没有。,0
做的比较好的课程,0
老师说话发音太难受了还没字幕,0
老师太不负责任,0
怎么没课件呐,0
略微有点不详细，不太好入门。,0
我一定是上了个假北邮，想不到我们学校老师这么不负责任，慎选,0
感觉老师就是在念PPT，为啥不看镜头啊，看着好别扭,0
看老师眼睛，感觉在念PPT。以为由出这本教材的老师讲会很透彻，听完第一节后，连这本教材都不想读了,0
听老师念稿子吸收不了啊。。,0
不太好。。。,0
我觉得效率不高，害,0
为什么这么卡顿？还下载不了？,0
"浪费时间毫无意义
",0
老师讲的很生动，容易理解。,0
用英文测试 用中文讲课 ，这样的做法感觉不伦不类。,0
说的不错，但是全是英文。,0
吴老师做出了化学教育史上极具改革意义的举措,0
难受  我太难了,0
任务点不灵敏,0
看着ppt上面的字念就叫教书吗,0
念经，如果对着PPT念的话那意义在哪,0
觉得挺不错，就是更新太慢。不贴切人，还有就是为什么我明明没有提交考试答案后台没有显示，导致我错过了考试挂科/??/?/????？//////希望能给我一个答案。谢谢。,0
死板死板死板的课程，不建议拿这个学，太坑了,0
不是在线开放课吗，干嘛关不闭不让回看？,0
学校要求的，竟然还要收费，而且不便宜！,0
"填空题怎么搞？！！！

还望修正题目形式！！！",0
题目没有答案和解析,0
通过学习。我增长了知识提高了有效表达的能力,0
方便预习，可以回播。,0
感觉就太专业了。。是不是，好深奥的样子,0
这门课程的学习让我明白中国古代建筑具有悠久的历史传统和光辉的成就。中国古代建筑艺术的特点是多方面的。它让我理解建筑艺术的主要特征，还了解中国古代建筑艺术的一些重要特点，然后再通过比较典型的实例，进行具体的分析研究。,0
作业太多了！！！容易忘，互评环节太离谱了,0
"一般般，给个提示吧要考试
",0
为什么讲课的术语和测验的东西不一样。。。,0
我刘超，不想看见你，退下吧,0
课堂形势无聊,0
照PPT宣科，有点生硬。讲的很浅显，感觉像是在应付。给差评。,0
慕课的系统开发的太难受了,0
唉，一言难尽啊,0
声音能听的嘛 ,0
中国的教师在中国的大学里，又不是英语课，为什么不用中文？ 最多一颗星,0
绪论测试咋回事啊？,0
第一章节与课本不匹配,0
明明完成了，却是21/32,0
老师完全就是念PPT啊...语速还很慢 要开1.5倍速看ヽ(#`Д′)ノ,0
国家精品那个女老师就在念PPT,0
根本就讲不清楚，就拿第一节的“占空比”来说，根本就不清楚，一查百度词条十分清晰。表达都不清楚，那学生岂不是都走歪了？演讲不够明晰那怎么去教学生，怎么获得进步？,0
为什么我的证书一直没有、,0
老师完全就是读稿子这样也能是国家精品课？？,0
讲的太快，语速太快，听不懂,0
这都什么，讲课挺好 分都出俩月了还不能认证,0
"
老师可以先练练普通话吗",0
时间设置不合理,0
语速好快啊！内容太精炼了点！能详细一点就好了。,0
"关系数据理论讲的太不熟练了，显得生硬，感觉照本念书，，，自己都没理解透，所以根本无法好好解释，，，这样的课就不要放MOOC上了。。
还有不原油的动画放映，干扰学生看视频和思考，，，一句话，课程质量做的太差",0
没有充分举例,0
"老师没上过课，还有考试咋考
",0
刚接触。感觉挺难得,0
对目前中国的形式与相关政策有了更深的了解与理解,0
"不适合大部分学生
",0
老师讲课方式颇具特色,0
为什么突然改了评分标准，之前是最高分，转眼变成平均分，本来想练习一下，没成想,0
英语慕课使我受益匪浅,0
主讲老师只会念ppt，来听网课的大多基础不好，这就像完成任务一样不认真，国家精品课怕是看在大学的名义上给的吧,0
照本宣读，都是书上的干条条，没有教师自己的理解和解读。可以理解教授面对镜头的拘谨，但是全程都盯着字幕也不太好吧。而且内容方面真的太理论，没有实际的引导，报着高期待来，但实际的启示真的很少。,0
照着课本念。。。,0
学了没进度，hapi软件,0
哭了，最终成绩50多，虽然大部分原因在我//,0
老师对课程开发能力有待提高，系统有待完善，线上线下学习没有合理安排权衡！,0
说实话不如之前老师直接教,0
为什么下载不了,0
乱来，时间老是没有规律,0
好多说的太模糊，只是讲概念谁记得住,0
说实话，个人觉得不怎么样，比较粗略，视频卡顿，老师讲的也很平常，希望讲的没有讲到，例子有很多，但是没有太多的分析，有时候都不知道怎么得出的结果，可能是我基础差的原因，个人觉得砸了湖大的招牌。,0
考了四次了，才发现这个课程是盗版的，我的平时分看来是没了，这门课也凉透了，这期末考90分都没用，这种盗版课为什么不关闭，我一直纳闷为啥每次做测试都提示我到期了成绩无效，还有，为什么不能给零分，真的一颗星都不想给，外校的学生谁会看，开这门课的价值就在于坑湖大自己的学生，提高挂科率,0
非常失望，根本听不懂，也不知道那块是重点、应该做笔记,0
还是有些复杂  没讲如何翻译工尺谱,0
太卡了，失去学习激情,0
为啥我看不了视频啊，着急,0
"课程内容不完整 连接不上？？
",0
工尺谱学的还是不够懂，有点懵，是我领悟低。还有就是不可以用手机看题目或者考试，今天准备提交作业因为没电脑与考试完美地避开了，对于没电脑的同学，这种方式真的有点不太方便，不过老师的教学还是没得说,0
为什么不能向老师提问了 开玩笑嘛 不会的就问不到人是吗,0
没有足够的宽容度，给同学留的时间太少了，没来得及做考试就截止了。每次都认真学习，认真回答却很少能有回应。,0
念教材，应付,0
形式挺好的，就是有点跟不上节奏,0
系统总是出错,0
mooc内容太多了 负担太重,0
老教授全程读PPT，普通话还不标准。课程严重缺乏例题，很多例题还是书上的。。。。。。,0
听不太懂。。。。,0
有讲错的，老师好像没备课,0
念ppt都念错，最烂的复变函数之一,0
一直不增加课时 是不是系统问题,0
"非常棒，老师讲解生动精炼
",0
看了一节就看不下去了，完全照着ppt讲定义，推荐北理工的，,0
照着题字器读还当我们看不出，有可能根本没把我们这些学员当回事，一节课5到8分钟就不好好讲了，别参与，浪费时间!!!,0
看了课以后不出进度,0
测试题打不开,0
讲课水平需要提高，没有重点。,0
课程安排合理,0
为什么开学的时候没有通知,0
看了评论感觉还可以，实际看了两节课。我个人认为，如果讲市场营销。在前几节节课里没有让我有看下去的欲望。没有抓住观看者的需求，我觉得还是不太成功的。理论是一方面。实际是另一方面。看了前两节，不知道想表达什么。,0
好难受，学不进去啊！,0
"气死爸爸了
",0
课程内容老旧且无趣，大部分时间都在棒读PPT,0
看了两分钟耳的解剖生理，就放弃了。完全就是在背书，跟我自己看文字有什么区别？,0
老师授课很输入，达到抛开现象看本质的效果,0
"有个致命的缺点，讲课的时候不能在图片上指出相应的区域,像我们这样用手机学习的人根本看不见图片上的字，基础差的根本就不知道老师讲的是哪个部位啊",0
学了这么久，很有收获。,0
真的很不好意思，我觉得想在念书,0
真心有待提高,0
"只能这么说了：这位老师念书念得非常好
与其这样快速念书让人一脸懵逼，不如我自己慢慢看书",0
课程设置很好,0
课件看不了！！！！,0
刻板生硬，课件里面错别字有点多,0
就那样吧不咋地,0
这个必须和答案写一模一样才算对？意思表达一样还不行,0
"不及时更新进度，老是担心自己没看
",0
老师上课无趣，全是读PPT,0
听不懂，抽象,0
ppt选手……,0
希望有详细的推倒,0
很一般很一般,0
真滴是好卡呀！,0
老师要求看的，刚开始觉得老师讲的还不错。可是看着看着发现，这个老师讲话语气永远是那个样子，听过课的自然懂。,0
单元测试，我还没开始，你就结束，真的坑，而且学习这么长，给人测试的时间却这么短,0
这都学的是啥啊a,0
内容太水了。。。。,0
ppt念得很好，已阅,0
ppt只给答案不给计算过程,0
完全念书，没有必要这样糊弄，真的越来越差了,0
自己看书更能理解记住，白瞎了。,0
讲的不细，也没有例子,0
真的是在念书，哪儿都不知道是哪儿,0
学习时间太少，完不成课程,0
老师口语需要加强啊，有点不习惯,0
课程时间有点短，不能完全吸收,0
老师讲课有口音，难理解,0
系统操作有点乱,0
以前上过这个老师的课，大而空，有点端着了。,0
感觉内容较多，有些在自己看视频时，也不是能够完全理解,0
"因为研究方向的问题，只看了抗风内容
首先，引用的数据还是2001年的荷载规范（讲地面粗糙那一节），还有关于山丘地形对风雅高度修正系数说明，我看了2012荷载规范，没有找到他讲的那些内容，不知道这个公式里k1，k2，k3哪来的（2001和2012这个修正是没有改动的），可能我积累的还是有些少吧，但老师起码得说明是具体出自哪个规范
说实话，慕课里讲抗风的还是太少了，希望能有所改进吧",0
为什么学完了，进度差3个,0
此课程对于非专业同学难度很大，课程语速过快且内容衔接等同没有。8分钟的网课我也只能懂1分钟的内容。学习此课程的童鞋还是上课好好听吧。,0
经常容易容易忘记,0
不行，有时无法做题,0
为啥看的时候，不动学时,0
收获不大，还繁琐,0
很好学到了很多,0
无法下载视频,0
课程略显枯燥,0
我之前学的成绩全没了，都清零了，真的很失望。,0
什么垃圾课程,0
湖南大学培养这么多复读机是做什么？,0
太过精简，最后可以讲讲过程吧，反应跟不上,0
很烂的课，团队不给力真掉份,0
进度太慢，等待更新。请赶快更新啊！,0
没举例子，太难懂了吧,0
感觉老师没有备课，讲得太枯燥，像是跟着ppt念，思维跟不上,0
讲的课程听不懂，可能我太笨了！,0
为什么只有第一章,0
讲的瞌睡看的瞌睡,0
就念ppt呗，关键步骤都懒得念,0
"基本在通篇读ppt
",0
垃圾垃圾。。。,0
"
有点失望。。。",0
"垃圾的
 报告",0
看完了没有学习记录是怎么回事,0
老师语速可以稍微慢一些,0
早就做好了，咋不发,0
太差了什么啊,0
注册结构工程师报考年限作业答案有误,0
咋就关闭了，还想学学来着～又没开学慕课都不开放啊,0
为什么我的分数这么低,0
这个软件bug很多，希望得到改善 ,0
老师的麦换一下就更好了,0
慕课上太粗略，没有对原理的理解，真的很差，请慕课不要一直让我评价了。怎么评价我都给最差的评价,0
实验也能用慕课啊,0
讲的是真不咋地  ,0
发作业太不方便,0
"受益匪浅，也发现自己还有很多不足的地方
",0
老师讲课很生动，，值得学习，,0
为什么课程大纲里有的和真正视频课程不符呢,0
学术规范和论文写作内容多，收获很大。,0
"视频收音效果差，
课程完全实在读课本，，，
",0
ppt比较旧，关键是没字幕，很多时候老师说话听不清,0
返回之后就进不去了,0
对于没有一定基础的人，有些知识点直接上来也不知道啥和啥，都不讲，好像讲个概念我们就懂了一样,0
题目刷新不出来，只能看到题号，没有题目，还只有两次提交机会，坑人呢？,0
看了课之后不显示观看,0
太垃圾了，臃肿,0
不是写的可以测验两次吗？怎么一次就不行了？,0
所以为什么作业早就截止了？！！！！！！,0
"思修太难了
",0
感觉在念ppt,0
考试内容远超学习进度,0
进度条更新不及时,0
"老师讲完全可以看图理解   没必要让她讲  希望可以增加自己的经验之谈对我们进行一些必要的提示
",0
"12,13号看期末考试还没有开放，今天16号再看，已经过了提交时间",0
多数老师讲课都像机器人播报一样，怎么回事？就算照稿子念也有起伏吧？大学老师不是这种水平的啊！这个课还挺失望的。,0
讲的无聊得很,0
传说中的PPT老师，内容严重过时，实在不敢相信还是国家精品,0
很坑的课，念PPT画质不敢恭维，团队不给力真掉份,0
评分机制真的垃圾,0
截止时间变来变去 令人迷惑,0
考试不通知一下,0
有一点无赖哦不好玩,0
老师我真的只能说，照着ppt念的话不如我们自己看,0
在现代社会中礼仪非常重要,0
作业有点多，互评记不住，截止时间没提醒,0
作业太多，互评太烦，还记不住,0
"学习了咋没显示进度啊
",0
答题时间限制,0
对于受众群体没有了解，考试设置在节假日，对于没有用手机，用电脑的受众不负责。然后最后考试也听说是只给了两个小时，为难人，不是让不会的人不通过，是让不盯着电脑，盯着手机的人不通过，我觉得很有趣。如果这样的话开这课有何意义。,0
我看过的课程进度一直不更新,0
因为疫情，上课别开生面。体育课慕课是截止前一个礼拜通知要刷的，真是太棒了呢，,0
课件做的太糊弄人了，4-5页，视频里讲的PPT根本没有，讲的内容也都是比较浅显的，所以内容不突出，看书都比老师学到的多，差评！,0
课程讲的好是好，可是课件和作业提交方面的问题简直令人抓狂！课件跟课堂讲课有对不上的地方，有的还没有······提交日期太紧了吧，谁还只报一门课？都要忙着交作业，然后章节排在后面的竟然交作业时间比前两章早？都没看到······,0
课程资料很乱,0
学到的内容较少,0
"这种课程线上上课是没有意义的
",0
不是有点失望，是很失望。好学校要有点格局，对待外面的学生也认真一点,0
学习的氛围很好都是提,0
老师讲得很清晰有条理，是课后巩固的很好的平台。,0
太难了 很难学,0
我也会读稿子啊,0
还行吧，听不懂,0
僵化的讲课方式，感觉在念稿子，一点儿也不喜欢，一星,0
老师对学生提出问题答复迟缓。反复提出证书申请问题，都不予回复，导致无法申请纸质证书。其实要是重视学生意见，自己不懂，也是可以积极搞懂了答复的。,0
"不知道在学什么
",0
课时一直刷不上,0
感觉证明题少,0
网上课程 有点浪费时间，意义不大,0
动不动就少时间要不就少进度,0
"测试与作业部分的答题形式很不正常，希望能想正常的选择题一样，有个单选框点击的形式，而且设置的作业互评很没有意义。而且，每一课时里面包含的视频太多不利于学习，改进分配形式。
希望改进。",0
老师总是在念ppt,0
课程内容组织很好，老师讲的详细认真，就是第四章上下弄反了,0
网站服务器太垃圾，加载视频课件完全是浪费人的学习时间。,0
不行，特别差,0
配套教材列出了 5本，到底用的是哪一本？,0
这个女老师老是忘词，光停顿，太难受了,0
学到很多防护知识哦,0
我需要你读吗?差评,0
老师有点不自然，重要的不是讲怎么去遵守规章制度、伦理道德，更好的是寻求自我、认知自我的方法，不同文化中的风俗习惯、饮食偏好都不尽相同，世界需要制定制度让人们遵守创造和谐，更需要追寻制度伦理的道路,0
全程读ppt,0
好像一个复读机的老师好，你讲的东西听不懂呀！只是听到你念一些文字的声音，没有用处啊？这样学编程的哈就相当于背书一样，司机硬背！,0
我感觉有时候动不动就打不开这个软件拉,0
有难度，有深度，好评,0
很麻烦，严重影响到正常的书本的学习,0
一点都不生动,0
内容拖沓灌水，,0
课程不错，但是学习完了不知道怎么回事一直申请不了证书,0
作业形式太冗杂了，几道题能解决的事情非要弄什么互评，而且讲的课和题的难度是两个层次,0
好叭我觉得不咋样,0
金融专业学生，真心觉得老师是照着课本一字不漏读的！看了还浪费时间，不如静下心来自己看书比看视频收获得多！真是不配国家精品课的称号！,0
系统延迟，特别迟钝,0
很好希望以后更多趋势的内容,0
我不知道你好意思 你这个软件后台是不是拿腾讯云搭建的 还是笔记本电脑 ,0
就这？就这垃圾课程？4-2音画不同步那是真的牛逼，女的说话我要死了·，就这？还出视频？你们出视频不好好审核的吗，就这垃圾视频·也好意思说人人会建模，垃圾,0
都是一些啥呀,0
方向导数与偏导数关系第二个例题没有图，这个那个的根本没说明白,0
没有解析吗？,0
互评真的很烦,0
垃圾垃圾垃圾,0
让一个学生代讲，说话都不利索，有什么错误的地方直接剪辑就糊弄过去了，有的视频音画严重不符也不管，醉了。,0
太简单了，小学生看的。。。,0
"学了这么久，老师把这门课放到自己门下了
",0
挺好的。最好划下重点。。。因为不知道要考啥，全记住也没那个精力,0
真垃圾  一直加载,0
课程内容十分充实，老师讲课都很认真，结合课堂学习很有用.,0
在手机上看视频很方便，就是老师们说话有点口音不好听懂，希望加字幕，用网页配合文档学习很直观，那个文档加载不够流畅望改进,0
不说了，真的垃圾。单拿名字空间这一节课来说，讲的真的是太简洁了。     一点都不好，建议老师读一读C  primer再来讲课。   讲的真是太简单了,0
非常枯燥  我一个有基础的都听着都费劲  这样子讲课有人喜欢才怪嘞,0
只会读PPT，这样的课，还不如自己看几眼书,0
内容全面系统，老师讲的很好！,0
"全程PPT, 没劲, 就没有带着我们编汇编语言的课么",0
内容不够全面呀，子程序设计，宏功能，模块化，C语言混合编程，win32等这些都没有,0
我的良师益友,0
好好维护一下网络吧，加载都加载不出来，学什么习？,0
电脑数据得不到更新，那些被不小心忽略的的课件，等再次观看，已经分不清是哪个了,0
"没啥想说的
",0
没有学到希望的内容,0
太卡了，直接看不了,0
为啥课件看不了，我想问,0
啥也不说了，老师还是讲给自己听比较好,0
呜呜呜呜呜呜呜,0
声音太小了，基本都是照着PPT念，不知道这是怎么被评为精品课程的,0
只听一节《采薇》，便已出现许多讹误。,0
我了解了我国基本国情，培养了我的爱国情操与社会责任感，觉得很不错,0
吐字不清，没有条理，能不能稍微剪辑一下，调鼠标箭头能花好一段时间,0
这个课程，老师应该是没有用心做吧，还没理解MOOC这样的网络课程应该做成怎样，只是纯读ppt,0
老师讲的很不透彻，也看了一段时间了感觉完全是把PPT上的字全部读一遍，然后读到比较难懂的地方就停顿一下，接着读后面的。感觉不太好,0
太差了。。。。。,0
老师只会念PPT，从来不详细讲解     根本听不懂    而且例子不讲直接这个那个的就带过了,0
"对电工技术理解深刻
",0
"你这么辣鸡还老是问我好意思吗？
",0
传说中的PPT老师,0
视频无法离线，摁开始也没用,0
"完全就是在读ppt 有的例子还一带而过,  这样还不如直接看书",0
讲的内容太少,0
第二章开始就有点让人失望，可能是我的原因,0
"累了，刷视频感觉没啥用，纯熟的浪费时间还是低效率，软件还有很多的缺点待强化！
",0
老师完全按照书上讲的,0
"讲的不好，啥呀
",0
讲解没有展开，内容跟书上基本没变化，很生硬,0
感觉讲的有点快，而且老师答疑也没有开，一点互动都么得,0
定位这章老师是在念书吗？确实是没念好啊，听不懂。,0
明明刷完视频了，但课时却没有完成,0
无语，不让我复习,0
老是卡顿，没有学习记录,0
完全就是念PPT啊，白纸黑字的。连图片都没有,0
照本宣科，一字不落的读ppt……,0
太多广告，经常卡,0
其他还好，不过真受不了第四章老师的口音,0
了解更多知识，学习区域更不受限制,0
听不懂，不适合初学者,0
讲PPT不如我自己看书。。。服气,0
讲的真的。。。次,0
能够有个群专门答疑的，那就更好了。在讨论区都不知道等到什么时候才有回复，太慢了。,0
是随便找了个小学生照着ppt念的吗？一个错误的表达连理由都不讲。自己不会是吧。不想好好讲课就不要开啊，弱智一样，嘻嘻,0
觉得难度有点大,0
讲的不怎么样，只是在念PPT，还不如自学,0
只是读书，垃圾教授,0
渣     调 个画笔都得老半天,0
以前的老师都是念PPT，这个老师连PPT都念不好。服了，这种课还能上来，让大家看。唉！！！！！,0
感觉不太理想,0
全英式的教案文档还无字幕，对于一个外专业的学生来说学起来好难，作业完全看不懂,0
你会不会上课啊，这叫上课？照着ppt念一遍。。。。。,0
为什么国家精品的课程，里面的PPT太多错误？？？难以接受,0
讲话吞吞吐吐，声音小。。。,0
不好，就是念ppt了,0
说真的，也许我智商不够，真的理解不了，老师可能有时候连ppt都不愿意念完，更别说解释了,0
真的全是念PPT，一字不漏，哦不，有的还跳着念。看完感觉跟没看一样。,0
感觉数字信号处理这么重要的课程采用双语教学不合适，影响学生学习。,0
"就是不行ok

",0
这个课程已经结束很久了，为何没有总成绩呢,0
"课程组织一般，课程中讲解的重难点和课后的测试不符合，有很多课后的测试题根本没有依据课程中讲授的内容来进行考核。
有的老师吐音明显不清楚，而且讲授不太自然，有一种照着稿读的感觉。
课程没有PPT供学生阅读。
总之，这门课程需要整改的地方有很多。",0
无穷级数有题有问题,0
怎么说呢，感觉这老师对这门课不是很熟悉，好多地方都犹犹豫豫的，讲的不仔细,0
没有感情的朗读机器，只会照着读,0
背景音乐真的要命,0
声音小还有杂音,0
"课件制作得太粗制滥造
",0
看完了不更新,0
很难受的听课体验,0
作业互评只能用电脑？？？,0
这讲课完全就是把PPT读一遍，完全没有电子科大的水平,0
看了几个视频 照本念经的感觉 味同嚼蜡 实在看不下去了,0
有点不理解为什么这种课会有一万人报名。差到没朋友无非也就是个这了。,0
没老师我怎么学 有老师我都学不会，没老师我学nm，我花钱看视频能上清华的话 ，我花钱去本二干嘛,0
我真的学到了很多知识】,0
念PPT，呵呵。,0
课程内容丰富，讲解详细,0
太烂了纯粹就是念PPT，国家精品怎么评上的,0
还没更新？？！！,0
感觉讲的不是很听得懂我们自己老师讲的就很容易听懂，感觉听不懂的原因是因为他们讲的很跳跃，有些知识根本没有讲过他们自己清楚但是就拿来讲，还是我们自己的老师知道我们知道什么不知道什么,0
讲得不知所云,0
不喜欢。。。。。,0
"学习了咋没显示进度啊
",0
完全照念，背书一样,0
催眠课 念都念不通畅,0
第6章讲得不好。第7章讲得比较好。,0
连字幕都是错的,0
有通知考试题发了，但是太难找了，我到现在都找不到,0
太不负责任了,0
讲第十周神经系统的中南大学那个老师方言太重 听不懂,0
老师就是在读PPT，呵呵,0
不尽人意，退了,0
非常失望123,0
"一点也不好 毫无意义可言
",0
不知道这些老师怎么想的，照着书念，一字不差。这本教材很不错，还是非常值得拿来参考学习的，但是，我只想说，你们这样糊弄课程，真是白瞎自己编的这本好教材了。羞耻！,0
老师讲课感觉有点难以形容，有点失望,0
有一说一，听过最差的国家精品课。对电子科大有点失望。,0
"为啥要在课里加BGM呀，还那么大声，好烦呀
",0
"一点不流畅,没有备课的感觉",0
什么玩意断断续续一直在搞画笔,0
我觉得五星这么多应该是刷出来的，我们学校老师为了自己评上精品课也经常让学生去帮忙刷票，我觉得我也能上去照着ppt读，讲的真的不行。,0
课程内容枯燥,0
都不会提醒考试？,0
不知道是如何评上国家精品的，老师照着ppt读概念，完全照着读，而且语调从头到尾保持一样，这和找了一个人来读课文没有什么区别，非常失望,0
"垃圾
垃圾垃圾",0
内容bubu行,0
太麻烦了，考核方式真的是我见过最繁琐的,0
弄这么多硬件实验，还有一堆仿真报告，折磨人有意思是么？你们是觉得我们都是清华北大水平的？还是觉得你们自己都是清华北大水平的啊？,0
内容挺好但是没必要,0
没有足够的宽容度，给同学留的时间太少了，没来得及做考试就截止了。每次都认真学习，认真回答却很少能有回应。,0
分数不合理，；老师不给合理解答,0
念ppt有什么意思,0
没有任何帮助,0
老师口齿不清，原谅我真的难以理解她说什么。,0
简单的讲解还不如自己看书，够垃圾,0
肘横纹至腕横纹的骨度分寸是12寸，但是答案没有一个正确的，简直误人子弟！！！,0
垃圾oj，根本不知道想判啥,0
错漏百出，作业一堆,0
"几乎全在照本宣科，听着意义不大。老师上课要在关键的地方强调一下，多展开，有些知识点讲明白能起到四两拨千金的作用，而不是念ppt,失去了慕课的价值。",0
你们这些评论的，说什么人家讲的差，教材差，没看见人家教材是任课老师自己的么。,0
本次课程，我感觉自己的学习效果并不好。首先，我自己也有自己的不足之处，我不够特别的关注本次课程的安排。但是我认为，每次课程的测验与作业的提交时间都不一致，让我们很摸不着头脑。本身研究生的课程和作业就很多，然而该门课程的测验时间又不确定，让我们浪费了大量的时间，导致了学习的效率并不高，希望可以在以后继续改进！其次我认为，作业与测验没有必要规定每次的交作业时间，因为也没有和每位同学商量上课的时间，我认为独立自主的完成作业就可以达到学习本门课程的目的，但是限制时间毫无意义。再者，每一门课的学习都有自己的认知和不足，这门课没学好不代表所有的课都没学好，我认为把慕课的课程成绩纳入最后学期成绩的考核之中很不合理。,0
没必要，很麻烦这个东西,0
第六章肿瘤 是在念书嘛。讲得和教材写的一模一样，就这。,0
"给我个课件，我也会读
",0
您讲课的速度还能再快点么？,0
mook简直浪费时间,0
老师声音太小，音乐声音太大，问题得不到解决,0
听了两分钟，照着书念很有意思?,0
"浪费时间毫无意义
",0
进度条更新不及时,0
"除了烦就是烦
",0
天啊，听那个女老师读ppt还不如让siri读，这什么玩意啊这是,0
照着课本念。。。,0
"不太现实，
",0
毛主席说了，别搞形式主义、本本主义、教条主义,0
确实不咋地，读的一字不差,0
能不能来点讲解啊，全程读课件，那还要录课干嘛，直接看课件不行？,0
完全就是照着ppt读嘛，既没有合适的停顿，也没有详细的讲解,0
1星好评分期付款，题目根本不适合放在网页上做,0
请讲课，不要读讲稿。刚听到杨晓临讲，感觉就是个花瓶在那里摆着，眼睛盯着讲稿嘴读一读，左右手偶尔伸一伸表示自己不是机器人。这都能能评上国家级精品课程，不知道这是啥标准。湖南大学如果放任这种课程继续误人子弟，下一次一流大学估计连B类都不是了。声誉需要一点一点累计的,0
获取资源没有权限或者不存在。菜,0
我需要你读吗?差评,0
我觉得讲FPGA实验的老师念ppt念的很好，很官方，就是不接地气。,0
烦死了   呀呀呀,0
内容还凑合，声音调的忽大忽小，耳机党表示受不了,0
是不是全部课程已经结束，只是没有更新出来呀。每天打开看没看到更新，今天再打开看时，心电图章节题目都公布了，还是有bug?,0
我要是能看懂这个为什么不读教材。。。这不就是把教材做成ppt在这读吗,0
"对此软件太失望
",0
都不知道哪些课程学了还是没学！这怎么弄啊？浪费时间，都没完善好为什么要推出来用呢，真的是,0
"有时候闪退！
",0
稿子都读不好，别提讲课了,0
一般般就那样,0
就那样吧不咋地,0
看书好过听您念。,0
垃圾软件  明明已经学过了  却没记录,0
动力学部分跟念PPT有什么区别，PPT动画都不敢设置出来。,0
都在念PPT，没有丝毫的讲解，华中科大的老师就这水平？？拿来满足教学任务的吧，还不如自己看书，浪费时间。,0
我们不需要所谓的教授来帮助我们读课件，谢谢，请提供些有价值的教学吧,0
华中科技大的老师讲课都是直接念课本吗？课程内容没有透彻的逻辑，这么强的学府老师录屏都只看提词器，有点失望啊。,0
呵呵，我们学校根本没有考握力考试，怎么在mooc 的测验里就有了？？？？？,0
不知道在哪里考试,0
课程内容不全啊,0
最后的大考试太难了。。。这个论文并非针对用户的专业方向，所以个人的观点会有所偏颇并不合适,0
作业就不能一次性都放出来嘛?期末考试都考完了我还得隔三岔五来看看有没有更新题目？？？,0
看起来没意思 网站又卡,0
讲的不够详细 有点不太懂,0
打开前几次开课吗,0
我听了一部分，可能是我智商不够吧  居然没听懂,0
课件出问题，定义也不要写清楚，只在特定情况带出其中意思，很片面，难理解,0
心电图   不知所云,0
发音太恐怖太夸张了，就算发音不好也应该平和一点，这样夸张让人起鸡皮疙瘩,0
"有点失望  玩意不怎么样

",0
念PPT的机器人。,0
怎么好像在跟着弹幕直接读，不经大脑的么？,0
都是死记硬背，很多专业术语听不懂，对于零基础的小白表示听不懂,0
没有解析吗？,0
照本宣科，令人失望,0
几乎不用看视频，当做音频就可以了，因为老师在一次不差的读哈哈,0
这本书真破，相关习题没有，视频讲的和没讲一样，厉害了，川大,0
能不能不要有只拍老师的部分。。。。。。。。。,0
新手，看到这门学科挺有意思的,0
垃圾，我对华科大的好感没有了,0
"太垃圾，完全念PPT,而且和书籍顺序也不一样",0
就是念ppt，没有讲解为什么这样，ppt就是课本简化版,0
"太傻吊了吧，百度不到搞个鬼！
",0
为什么到现在都还没出成绩出证书？？？,0
不知道怎么去说，华科的这个视频课真的不如不讲，你跟课本一模一样，不就是把书读一遍吗，我自己不会读吗，要你读吗？上点心谢谢,0
就是在念ppt,0
失望，失望，失望,0
请问这节课 是怎么成为国家精品的，断断续续的？,0
课件有出现错误，老师讲课难懂，基本在读ppt，总是会出现这种情况：全屏展示ppt的时候说“这个、那个”，ppt演示上也没有表明是哪个。,0
强迫上的课程,0
不知道这种课程放上来有何意义？是为了凑数吗？或者是任课老师为了完成所谓的“公开课”任务？一字不差的念PPT有意思吗？老师是怕我们不识字？那可真是太贴心了~,0
"老师只会念书，我还不如去看资料
不行。",0
结合实例多些，来讲解理论就更好了,0
逻辑混乱，粗枝大叶，不明白拿来这么多“舔go”,0
大家都是来听你课，了解你讲知识内容，一会屏幕切换PPT一会切换人与PPT，谁看你人啊，人与PPT一起放的时候根本看不到PPT内容你还讲个不停，听着费劲,0
为啥我总是刷不上课   每次都是   刷了好长时间  就是不显进度    原来的是多少现在还是多少  请工作人员尽快处理一次吧,0
老师要求看的，刚开始觉得老师讲的还不错。可是看着看着发现，这个老师讲话语气永远是那个样子，听过课的自然懂。,0
软件太差！！！！,0
考题远超课程内容啊！！！！！,0
为什么只能看两章内容呀,0
听不懂，没有详细解答,0
单元测试，我还没开始，你就结束，真的坑，而且学习这么长，给人测试的时间却这么短,0
真是丢华科的人,0
肤浅。。。。。差劲的电子音，只给了框架介绍，详细东西必须自己去找，给出的短片没有带中文字幕。。。。严重怀疑是来打酱油的。,0
第三章的老师讲话讲不清楚，到重要部分不做解释直接说答案，听都听不懂,0
学这么多遍不显示已学？？？,0
"强制的真的没什么意义
",0
受弯构件斜截面计算的老师讲的不太清楚，一次课10s额一下，希望老师能够改进一下，感觉这章一点没学懂，对不起,0
就是在念提词器，还有的老师方言口音太重,0
传说中的PPT老师→_→,0
如果不是抱着敷衍了事的心态就再改进改进吧,0
我服了山大了 就硬念ppt呗,0
这都什么，讲课挺好 分都出俩月了还不能认证,0
很好 我更好地了解了体育,0
错误太多 完全按照书上的讲,0
我弄完了为什么只有19个课时？,0
"辣鸡，真的辣鸡
",0
"为什么课程结束就关闭了！
本来想在学校期末考前再刷一遍网课，就把课程全部下载下来了，这倒好，说是关闭课程，连下载的网课也一并清除掉了！！！
为什么不能再回顾课程，而且学习过该课程的同学不能回顾真的是太不地道了！",0
电子科大完全在mooc上完全就是应付，985重点专业默认标国家精品，内容完全就是垃圾,0
我的期末考试都点不进去辣鸡,0
某些测验的答案明显是错误的，填空题答案如同天马行空。这种慕课还不如自己看书，真对不起国防科技大学的名头！,0
"感觉在
念书本",0
内容不全面，瑕疵也比较多：单元测验的题库里存在很多重复的题目，某些题目明显答案错误，最后这个课没有设置优秀档，分再高也只是合格。,0
测验答案迂腐至极，根本没考虑线上学习的特点。老师讲课照本宣科，毫无新意，实在辜负我们等了这么久的时间！,0
传说中的PPT老师，填空题极其不靠谱，慎选,0
讲的实在差，就是垃圾,0
我真是服了，湖大老师上课就这样吗，就和读书一样。和自己自学有区别吗？比如斜截面受剪承载力弯起钢筋的承载力设计值为什么有个系数0.8，也不说根本原因，就是对照书本读。真失望，看到现在最喜欢的课就是河海大学曹平周老师的钢结构,0
"就念书？？？
",0
泛泛而谈，讲课水平差，思路不连贯，照本宣科，不知道是怎么评上国家精品课程的，强烈建议取消。,0
"每天都在进步，收获颇丰

",0
没见过这么差的课了，居然是国家精品课。。。,0
讲的方式不好,0
很失望很失望，讲课没点激情，PPT老师，听了十几分钟，讲课也是对着PPT念，声音不大，没点激情......,0
误人子弟……,0
真是够垃圾的。,0
理论的知识很多，但老师讲得很好。不会像干看课本一样乏味。,0
无语无语无语,0
为什么不能提前看，看了没记录,0
真不知道这国家精品是怎么来的，报的人数这么多全是自己学校的学生刷出来的吧。,0
内容卡顿，还下载不了。气死我了。。。,0
为什么我看不到考试的题目,0
传说中的PPT老师，NOJ注册不让用中文真坑,0
老师乱改题目，无故给低分，差评！差评！差评！,0
分数过于低了,0
你就不会解释一下吗，ppt没播放就不会说话？,0
太差劲了，，，，,0
"气死爸爸了
",0
能不能刷出进度啊,0
全部课程结束也没有老师答疑，如果不答疑那开设这门课程是没有意义的，这是大众远程视频教学，没有讨论答疑环节，那课程也就是只教没有学的过程了。,0
"优点：简洁明了，通俗易懂
缺点：1.相当于自学课程，无老师和助教解答问题
           2.作业标准答案有误
           3.总成绩计算错误
总评：失望，不推荐",0
老闪退，不好,0
"烦死个人了
",0
讲课还需要加背景音乐的？,0
"作业截止时间太早
期末考试时间截止太早
课程结束时间太早 
我佛了 现在挂了很后悔不知道怎么办",0
累赘。。。。。。,0
"能不能不要自动调到下一个视频
第一个视频看完之后再看第一个视频进度条直接就到最后直接跳到第二个视频 这样好吗？",0
拖更，不给发课件，就像营销号,0
就第一课有英文字幕 之后的就没有了 这不是骗人吗……,0
"教的极其垃圾！！！！
在读ppt？？",0
极差效果，后面类容没有,0
老师有口音是怎么拿上教师资格证的,0
太不行了吧 什么la ji东西,0
慕课，我早想骂人了，搞得什么东西,0
老师们讲的很详细,0
非常实用，平时没听懂的知识点，通过这个课件让我又很好的掌握了知识点。,0
"课程内容很好。
授课形式上，应以内容为主；
老师的画面占比太大，时间太长。
经常是听老师讲时，再回放文字、图表内容。",0
评分标准不说清楚,0
网站设置不合理，连看过和没看过的视频都不知道,0
"感觉啥都没说
有气无力的",0
经常炸 学习时长更新不了 视频看好多遍 进度条还是现实没有看,0
系统操作有点乱,0
单元测试截止时间不一样？！,0
我觉得不适合我，语速太快，。。。,0
"下载不了！!!
真的超级气人
我已经在设置里面调了可以在数据网下载，可是嗨氏不行，我真的好暴躁!!!",0
"我学完了但是没有显示
",0
流程繁琐，没有学到知识,0
测试有错题。。。。。,0
考核过于复杂,0
很麻烦，感觉有点浪费时间,0
"好的大学没有慕课
",0
PPT给的很直接，基本也是读PPT，PPT上面有的式子根本都不解释，直接拿出来了,0
真烦真烦真烦，一个英语课搞那么多花里胡哨的东西还学不到什么有什么意义？！,0
考试真的会考这些奇葩问题？,0
不怎么好，唉,0
课程内容开放不合理，太慢了,0
课讲得很好，具有极强的逻辑性，但学生难理解。,0
完全就是读ppt,0
只是读课件读课件读课件,0
作业无内容，还显示要到期了？？？,0
老师上课上的挺好的,0
弄不懂，答案有问题，不好,0
我发现，老师你讲课的内容基本和张新民钱爱民出版的教材一致，你自己的书啥时候出版啊？为啥早早的就写进参考教材里了？这样做不太好吧？！,0
我们每天完成看视频  那没有提交作业吗,0
上传语音是什么鬼，强烈谴责，让不让人活了。,0
图片内容不清晰,0
有些章节太短了,0
"对于这个课程，可以作为入门来学，抱着深入学习的目的听课的，一直坚持到考试结束，但对课程极其失望。问题如下：
1.教师照本宣科，逐字念PPT，实际案例少，教学枯燥，且一看就是不用心准备；除了前几节课是白教授讲解，剩下的都是其他老师讲，照本宣科，读PPT一字不误
2.对于操作性强的制图，也只是念文字，没有指导制图实操方法
3.课后习题及讨论有时与每章讲课内容不符，例如，3.6、3.6 中的课后讨论题在该节视频课中并没有讲，而在下一节课讲的
4.讲解内容对初学者不利，没有考虑到初学者的水平，内容不清晰，进度太快，如3.8 一会儿讲项目资源计划，一会儿讲项目费用管理
5.讲得太快，不细致，很多都跳过，比如第六章的关键内容
6.单元测验有些题目课堂并没有讲到，甚至个别几个问题，答案答对了但却判错",0
上课内容和测试内容无关，浪费学生时间，出题诡异，咬文嚼字，没有意义的测试题，为了应付而出，刁难学生，希望能够改进,0
老是打不开是什么意思(;｀O′)o,0
片面，讨论区题目不好,0
这连课件都没有？,0
庞老师讲的一点都不好,0
念PPT，还需努力,0
太多了吧内容,0
念PPT都念错，老师的口音实在是不敢恭维，还有那神烦的背景音乐wtf,0
嘻嘻 有问题都不回复 ,0
照本宣科，如果只是读课本和PPT，那要老师干嘛。。,0
太卡了 真的  我做完了显示没做,0
十分的卡顿，还闪退我都不想说了，给你一颗星就是高估你了，垃圾破软件,0
提交考试经常出bug,0
我真的服了，什么口音啊，含糊不清听得想死,0
太差劲了吧，水也没个水样。,0
太乱了看不下去,0
，星星东西，讲课讲的一坨屎,0
我好想哭，逼哭我这么可爱的女孩子不是你该做的呜呜呜，,0
不知道是什么问题，我在MOOC上面看的成绩是80多分，在历年成绩上面没有成绩，学习高手和体验很失望。,0
"了解酒文化还有饮酒注意事项对我们有很多益处
",0
代码讲的很少,0
这个爱课程（中国大学MOOC）根本就没有用到，因为我们只是在知到这个平台上学习本课程，这次评价完全是出于老师的要求，本人完全就没有在这个平台上学习，而且这个平台和“知到”这个平台属于两个平行平台，同一门课、同样的讲师、同样的内容，我不明白为什么非要在每个平台上上面都要评论，还要与我们的平时分挂钩，而且还略带强制性的都要注册和评价，我真的很不明白，感觉除了会影响老师在我们心目中的形象之外并没有什么用。,0
课程太垃圾了，这女老师讲得什么鬼,0
"希望老师不要照着ppt讲
",0
"课程没有什么实际的意义 只是表面工作而已
",0
正确的了解了牙齿的一些相关知识，减少了对治疗的恐惧。,0
说实话，刘伟老师的念书痕迹太明显了，照本宣科，极少有互动，极少有扩展内容。,0
考试也没通知，应该提前通知,0
无聊，，，，，念ppt,0
内容和老师讲的都好，就一样：隔一段要回答弱智的问题，干扰学习，十分突兀！！！,0
第一章还好，看第二章的时候，老师就照PPT念，讲到8086CPU结构的时候，对着上面念了一遍，没有任何自己的讲解，本来最重要的部分却讲的模棱两可。总体感觉就是念PPT，而是是忙着念，就像要忙着念完去吃饭一样，然后就想着来看一下评价，果不其然，不止我一个人是这种看法，这样的授课态度真的有愧于电子科大，不知道怎么评上的国家精品课。,0
没那么多时间看网课,0
形式太多样，太费眼睛和时间了。,0
怎么说呢，看玩前几章就放弃了,0
我真的太难了。,0
没有绑定大学的界面，导致学校不给分，,0
互评为什么没有提醒？真的服了，恶心人的,0
内容重复其他人课程,0
看了n遍视频都不显示记录！！！！后台数据跟进太弱了！！！！！！！！！,0
团队不给力真掉份,0
课件都对应不上，差评，是不是除了讲行列式的老师之外，其他都啥LAN HUO，LAN ZHU，,0
"实验课不适合mooc
",0
这么卡，看锤子,0
"五星好评，分期付款
",0
一般般 还讲得过去,0
快崩溃了，老师全程念ppt，讲话磕绊，有的时候讲着讲着就停了，之后直接过。,0
太生涩难懂了，被劝退了,0
我才看到第五个，后面的都看不了了,0
有一说一，这个真没什么用,0
垃圾，真给科技大丢脸，你是来读课文的吗？,0
考核完没有分数,0
学以致用  受益匪浅,0
老师你讲课前能稍微备备课吗？这个英文念的我尴尬的要命啊，这是劝退吗？,0
很好非常奈斯,0
"从没看见老师在讨论区解答过任何一个同学的任何一个问题，只是每周机械式的发布讨论题，而且从不参与讨论。

而且也没听说有助教。

混学分神课，要是真想来学知识就看看别的课程吧，反正我是打算看看别的学校的课程再重新学习一下。

另外，这个可以评价零星么。
",0
为什么分享不了？,0
课程就是垃圾，要不是学校要求，那个傻逼会弄,0
学过了还显示没学过,0
课程就是突然甩一个公式，突然给一个概念，不解释概念的意义，各个概念之间毫无连续性，毫无关系，很不助于理解，只能死记硬背，也不知道如何运用。感觉剪辑掉了很多重要内容！有点失望，有愧于国家精品课程。,0
半导体物理这门课简直就是地狱！！！！,0
老师讲课有口音，难理解,0
今天几点开课？,0
看完视频不显示已经看完,0
讲阮粒的那个老师不但发音让人抓狂，声音小的可怜，声音开最大听不见,0
时长太短，讲的很仓促,0
讲的太没水平，湖南大学土木工程不是很好的专业吗，这么主要的专业课讲成这样真服你们了！好好看看同济大学顾校长的课，那才叫讲课！,0
老师不回复，而且以他出题的样子 就不是正规基础,0
感觉就是读书上的定义1111111,0
"对知识重点和难点缺少细致的讲解，有照读ppt的感觉
",0
没字幕！全程英文,0
没回看完不显示完成，一遍又一遍,0
完全的形式主义，所有人都在水，大英学习复杂而繁琐，我不知道这么做的意义是什么。,0
明明是自己写的程序，他却说我是抄的,0
没啥感觉，还烦,0
坐着跟个官老爷一样在讲课，看着很不舒服，而且基本上是在照本宣科，个人水平无法评价，但就这个mooc课程来说，让人十分不适。,0
为什么我都看完了，测试也做了，还显示差两课时,0
课程不全，太少,0
"有些视频播放出错
",0
太简单了，重难点不突出,0
非常失望，学了一学期就是因为线上考试网站出现问题，分数才这么低。,0
一到例题就卡死 手机电脑都卡死,0
作业和测验提醒这方面真的太差了，好多次以及有一门课程还没到结课时间，就出平时成绩，真的很无语,0
"上课内容和考试不符合
",0
不能参加，差评,0
"枯燥，没有中文字幕
",0
有的测试时间不明确，很容易错过,0
明明都看了却显示还有一页没看，最要命的是哪里出问题了都不知道,0
使用谷歌浏览器，因为flash的关闭而无法参与部分课程,0
    额不合格，,0
语速太快。。,0
真的很差，很差，干念ppt真的没意思，我自己不会看吗？山大物理老师都这么上课的？,0
啥用都没有的课,0
相比其他平台，这个平台是糟糕的,0
这个课程已经结束很久了，为何没有总成绩呢,0
几乎念ppt,0
太过细致，没有太大必要,0
作业太多了！！！容易忘，互评环节太离谱了,0
很好，非常好,0
恶心.......,0
无语了。。。,0
评论算分太不科学了,0
讲评精彩，学以致用,0
"为什么给我这么低分，全部视频都看完了
",0
讲的并不透彻,0
再不开始上课我要困死辽,0
"和我想的完全不一样
",0
……呜呜呜呜呜,0
ppt都看不到，希望重新录播,0
作为强制性课程，许多内容对于大部分学生没有运用价值，我们并不是医学生，并不需要掌握这些病理上的知识,0
感觉有点敷衍,0
科普课程，课程内容非常浅薄，没有什么实际用途,0
一个说相声的PPT复读机,0
学到停不下来 想学通宵 但是撑不住了,0
时间紧任务重,0
跟课本上的字一样,0
金融专业学生，真心觉得老师是照着课本一字不漏读的！看了还浪费时间，不如静下心来自己看书比看视频收获得多！真是不配国家精品课的称号！,0
很不错很好呢,0
"很失望 
老师的讲解太生硬，一点感情都没有。
",0
还行吧，详细点就好了,0
通过一学期的学习，我懂得了毛泽东思想和中国特色社会主义概论的相关知识，并学以致用，让我收获颇多,0
别总是照着课本读行不,0
搞互评就是脑子有问题，互评公平性从何而言。总有极少数同学随意打分,0
我觉得这门课可以取消，没有设置的必要，PPT做的也太简单了，很多东西没讲清楚。PPT几乎没用，学了一学期都是用的吴大正版教材,0
精品课程不行啊，PPT模糊，讲解生硬,0
"太卡无法跟进进度
",0
明明做了绪论考试 却没有分。。,0
就这考试系统一堆bug，辣鸡,0
"教材差，讲的更差。
如果可以，我想给零星评价。",0
质量这么差的课程，讲的毫无逻辑，知识点更本没有讲清楚，极其差劲，居然还加标了国家精品课程，简直令人发指,0
考试时间截止，，，，害得我没过,0
形体课这么好，受益匪浅，,0
说真的，也许我智商不够，真的理解不了，老师可能有时候连ppt都不愿意念完，更别说解释了,0
讲话吞吞吐吐，声音小。。。,0
你会不会上课啊，这叫上课？照着ppt念一遍。。。。。,0
以前的老师都是念PPT，这个老师连PPT都念不好。服了，这种课还能上来，让大家看。唉！！！！！,0
不说啥了 没啥说的 无言以对 就这吧......我都不着了 我是修路的还是修花的,0
学了这么久，感觉很充实~,0
渣     调 个画笔都得老半天,0
"一点都不好
",0
收获不大，还繁琐,0
看过的视频就不能再看，第2遍太垃圾了。,0
无重点，讲的不透彻,0
我只是觉得这个老师上课只照书本念,0
传说中的PPT老师，最烂的MATLAB课之一,0
为什么只能看到前六节课？,0
冲着国家精品来的，结果非常失望，就是念课本，浪费国家资源,0
每次都有时间限制真的神烦，老是忘记。讨论也只能在电脑上做，一点也不方便。差评,0
为什么我学了五个课时了？只记录四个？我都刷了三遍了。那我刷这课，不记录这，还有意义吗？？？,0
这可老师讲的是真垃圾啊简直是直接读课本，读课本的时候拜托提前预习下，读的还结结巴巴，能尊重下学生吗,0
连一个PPT都没有，只有视频。。。。。。,0
与内容不太一样,0
已学课时总是满不了,0
老师讲课很生动，，值得学习，,0
老师讲课水平相当菜，完全照读PPT，要我讲我都比他讲的有激情。2min内鉴定完毕。。。,0
解剖老师一动不动，嘴皮动，手不动，我们又不是看嘴唇,0
后台服务器一言难尽,0
念书？我也会,0
课程设计新颖、切合实际,0
坑课，完全就是念PPT，团队不给力真掉份，给好评的水军太多,0
可是更新不及时，微信小程序烂的一匹,0
照着ppt读，完全没有讲解的地方，语速还很快，差评,0
课堂小测每次都没有保存！,0
太卡了，要命,0
就是照着书念，重点内容不突出，PPT也很low,0
花里胡哨华而不实，传说中的PPT女老师,0
互评机制真恶心,0
特别好，收获很多,0
这是近两年的教学吗？龟速念ppt……,0
这个课程很差，就是对着课件读读内容，没有讲解，一点意思都没有，不值得学习，还是选择其他相关课程，省得浪费时间。,0
期末考试时间随意更改，没有一点公信力。,0
无话可说....,0
题都做了，考试也考了，既然没及格!,0
老师讲得可以，我很喜欢,0
互评真的好麻烦，浪费时间,0
请老师在讲述的时候指着图讲，并且放慢速度，让学生看清楚、想明白，而不是照着课件念完,0
"不知道在干啥
",0
这老师讲课是紧张吗？讲的内容有点语无伦次，不太明白。,0
"我怎么哪些课程学习了哪些没学习，不应该区分一下吗？
",0
软件and网站垃圾,0
这就是国家级精品课吗,0
这课答案能改善吗？跟憨批一样，各种符号问题就这？,0
题目太嚼字眼，全国各地的学生不能说是学生不同吗？多选题少选就全错也太坑了吧。,0
"失望了
首先，只有视频没有课件，影响自学效果；
其次，视频也不精美，视觉化呈现有点糟糕，一堆字堆在一个页面，然后讲师照念PPT，也没有进一步解释，比如健康风险评估的三大工具，起码要配个实际问卷模板吧！
最后，虽然课程名称叫适宜技术，但是实操性不大。",0
照念PPT，不如直接看ppt文件,0
老师只知道对着镜头讲，没有一点指示动作，让人只能听他讲，不能做到确定他说的结构的位置，上课吃力无趣。而且重点不清。,0
对我们初学者来说，理解不了，不适合学习,0
感觉效果不佳,0
太累了，我死了,0
测试题太难了，而且与教学内容无关...,0
爷笑了，武汉人吃蝙蝠，关我们江苏人什么事？,0
已经把视频内容全刷完了，但是却没显示我刷了多少,0
系统延迟，特别迟钝,0
不好，不适合我,0
太过于形式化,0
这不就是念PPT吗？搞得谁不认识汉字一样！,0
"为什么我的看了的视频和没看的视频看上去没区别 别人的都能知道那些看过那些没看
",0
建议参考中国医科大学系统解剖学的那种授课方式，这实在是听不下去,0
完全有声读物，毫无水平可言,0
好啊是真的啊,0
"心累，一点也不好
",0
讲的太粗糙了吧，完全翻书都跟不上,0
测验题中有很多题目视频里没有，有的也有一些数据对不上，本人做一个测验大概花了略多于一个半小时的时间，还外加查百度、2倍速反复刷视频的方法才勉强得了90分，可想如果一个认真的学生只看视频，并且在做题时不去翻看其他资料，他要花多长时间。如果出题者所追求的目的是为难学生的话，他已经可以说是很成功的了。,0
气死我了，填空题有毒吧，也不说用什么隔开，答案明明是对的非要识别错误,0
讲的不怎么样，只是在念PPT，还不如自学,0
课程从头到尾感觉都在科普，没有讲什么实质的东西，基本概念也是蜻蜓点水，老师也有点读ppt的感觉，有些失望,0
为啥不发证书,0
没有通知什么时候开始上课,0
特别好！！！,0
垃圾课程.讲了个屁,0
假期上锤子的课 ,0
这不就是对着课本照念吗,0
 讲的很清楚,0
恶心到死，声音忽大忽小，开头声音又震死人，听都有困难还学？,0
这课答案跟鬼一样垃圾，five,0
"照着课本读也叫国家精品课？
",0
能不能给完整课件，上课演示的课件何必做成斜的呢，没必要，听课做笔记很不方便,0
这测试是真的脑瘫,0
一些课程我提交了答案但是不给我显示我已经做过了,0
看着ppt上面的字念就叫教书吗,0
浪费时间，没有意义,0
很烂的课，讲课完全没有逻辑,0
讲的内容一会东一会西，这个老师讲课的时候没有自己的思考。,0
念经，如果对着PPT念的话那意义在哪,0
这个女老师老是忘词，光停顿，太难受了,0
不是还没开播吗，你们这些说老师讲得不错的，你们哪看的呀？,0
作业互评真的ex,0
注册结构工程师报考年限作业答案有误,0
期末考试太难了，平时训练又不够，而且完全不在一个难度层次。平时课程资料中间全是视频，也不提供课件和文本材料。不知道这样设置什么意思？要求都去做笔记？,0
证书呢？啥时候开放申请,0
哇，我真的哭了！评价算说好，我就很气了，怎么可以一口方言讲课呢？国家精品？不应该用普通话吗？我是真的听不懂，而且封面课程介绍是年轻小伙子标准普通话，声音洪亮讲述清晰，为什么点进去学习是方言呢？,0
我电子档证书还没申请呢,0
那个证书怎么申请,0
没有课文文本 堆积一些题目和视频毫无意义,0
提交都提交不了作业，也不整整？每次提交转圈圈转了一年，又回到作业界面，提交提交不了，退出去了又没成绩。,0
完全与考试无关,0
没有ppt，跟本就记不了这么多，十个差评,0
证书在哪里申请呀,0
很好，就是要做的东西太多了,0
好叭我觉得不咋样,0
杨青老师说的挺好，后面什么的，照本宣科,0
课后习题很多都是课程里面没有讲到的，有点超纲了,0
就是讲框架，能不能讲点实惠的，怎么进行死亡教育，具体的措施方法,0
讲解没有展开，内容跟书上基本没变化，很生硬,0
我看过的课程进度一直不更新,0
是随便找了个小学生照着ppt念的吗？一个错误的表达连理由都不讲。自己不会是吧。不想好好讲课就不要开啊，弱智一样，嘻嘻,0
国家精品是根据什么？,0
讲的真的。。。次,0
"PPT念得真好
帮大家节省点时间，真的大家去看看南理工的课吧....比这个强多了",0
没有课件和实际病例，标准病人实践模型，流程不清楚。,0
"讲的不好，啥呀
",0
华南理工大学土木工程学科还是很强的，不过课程说实话讲的东西太少了。有点失望，有个别老师还是搬念PPT的,0
课程内容很详细。还有课后习题很好,0
不提醒 或错过很多,0
垃圾玩意，网易行为,0
真的很无语，学完感觉没学到什么,0
第六单元做完三遍没答案,0
登录太麻烦，无收获,0
"我看也只是略懂一二，都不够详细，抽象的东西就不讲了？大家还是去听正规中医院校老师上的课吧。
",0
可以让我们学到更多的知识，扩宽我们知识的视野。课程教学不错。,0
一直读讲稿，一些长的难理解的概念读一遍就过了，也没有讲解，这些好评是刷的吗？,0
才报的课程，考不了试,0
"不想考试
啊",0
手机编译器和电脑Visual都能正常运行的程序，到了这就是结果错误,0
作为一门国家级精品课程，视频内容涵盖8章，66小节，一共提供了不到700分钟（约15学时）的视频教学（大部分是读PPT），平均每节10分钟，非常失望。,0
传说中的PPT老师，就这还国家精品？,0
讲得浅，蜻蜓点水般略过，老师讲得不怎么样，讲课中途中手都没有动过的，PPT做得也太差了，就是放一张图，最多就加了一两个动画，就是在念ppt，一点都不生动，你电这个国家精品课程做得也太水了,0
此次在慕课学习中收获很大,0
没啥用。挺无聊的。,0
讨论了一节课，听不出到底要讲述什么，观点不鲜明,0
"测试与作业部分的答题形式很不正常，希望能想正常的选择题一样，有个单选框点击的形式，而且设置的作业互评很没有意义。而且，每一课时里面包含的视频太多不利于学习，改进分配形式。
希望改进。",0
很坑的课，念PPT画质不敢恭维，团队不给力真掉份,0
感觉进去下一章较难,0
上课内容可以更贴近书本,0
又一个不会讲课，照着念稿的老师。,0
感觉讲的不是很听得懂我们自己老师讲的就很容易听懂，感觉听不懂的原因是因为他们讲的很跳跃，有些知识根本没有讲过他们自己清楚但是就拿来讲，还是我们自己的老师知道我们知道什么不知道什么,0
题目难的一麻痹，老师讲的东西和题目完全不是一个档次的,0
"无无无无无无无无无
",0
"录音上传不了
",0
讲示波器能不能先讲如何使用 不要讲一堆原理，可以放到后面,0
这是讲座，不是上课。,0
仅想对第八章8.3计数器原理一节评价建议，不知道为什么一个视频还有两个配音第二个配音声音不清晰而且所说内容和字幕也不一样讲解水平堪忧，该课程估计由多名老师共同完成，某些模块老师的完成态度有待提高,0
太乱了，系统怎么做的,0
,
更新太慢了，10天15分钟,0
"课程非常好，老师讲解的也十分到位。
与我们学校老师的课程相得益彰，互为替补。",1
非常棒！非常有用，课程讲解简洁易懂，适合刚接触会计学的学生,1
"讲解深入浅出，对于非会计专业学生很有帮助。
如果可以适当增加每节课的时长就更好了。",1
好！刷题超方便，就是感觉有些地方声音有一点小，不太方便在嘈杂环境看。,1
能循序渐进地认识人力资源这个职业的前世今生，对了解这个职业感觉很有帮助。,1
课程导师组的导师为课程做了非常细致的准备，也让我对本科期间学过的内容加深了认识，收获很大,1
"课后题制定有些不是十分严谨，课程授课内容相对比较简单，没有针对现实热点问题进行实际理论运用分析。
",1
"我认为课程很不错
",1
课程深入浅出，清晰明了的讲解了金融工程的相关知识。老师们都特别用心，很有水平。,1
课程例子鲜明，老师讲的也十分简单易懂,1
老师们上课诙谐有趣，善于用凝练的语言将复杂难于理解的过程公式清晰、明确的表达出来。讲课内容紧凑、丰富，并附有大量例题和练习题，十分有利于同学们在较短时间内掌握课堂内容。,1
王辉老师课程由浅至深循序渐进，概念剖析明朗，无论是需要对金工知识进行复习的同学还是想涉及金工领域的新手都颇有助益！,1
课程内容详实丰富，深入浅出，既适合金工基础不足的同学开拓眼界，也适合对金工知识有遗忘的同学复习巩固,1
课程内容比较充实，各方面都会涉及到，同时呢，跟之前老师讲课的切入点不一样，会讲一些生活中类比的例子，能够更好地理解，很新颖。另外老师讲课方式挺好玩的，反正我听着挺有意思的，我会一直跟着学下去，哈哈，谢谢王老师,1
这门课程干货满满，制作精良，是全面了解金融工程的最好的公开课,1
我觉得王老师讲的很细致。课程设置上，也没有单纯把金融工程概论当作“期权期货及其衍生品”来讲，张弛有度，系统全面！,1
作为跨专业的学生，自己在金融衍生品及其投资策略方面的知识比较欠缺，完全靠自己看书打的基础也并不是很扎实。通过这门课的学习，自己能明显感觉到对金工的知识框架体系有了很深刻的认识和理解，老师们的讲解很能切入到自己的认知薄弱点，也能很好地让自己把各个模块串起来对比学习和理解，非常幸运自己有这个机会学习这门课程，也非常感谢老师们的辛苦付出，谢谢！,1
内容全面，讲解清晰，五星好评,1
优秀的教学团队！,1
告诉了很多关于金融的基础知识,1
课程内容完整，老师讲解的也很清楚。但感觉还是必须必须和课本结合，因为好多的概念的理解还是需要结合课本的理论描述，MOOC上只是提供一个整体的框架。,1
内容丰富，讲课认真，赞～,1
教学深入浅出，非常值得学习！,1
每一章节后的文档拓展非常好！！！内容非常的详实！,1
五星好评！！！,1
授课方式可以满足个性化需求，体验很棒！,1
特别好啊特别好,1
建议在测试后，能有《错题汇总》功能，是自己能够很有效地了解自己的知识盲区。,1
上金融法学作为辅助科目来看的，很有帮助，老师说的很多东西一开始听着很无聊而且也不知道再说的内容是什么，但是看了课程以后对于一些基础性的有所了解后，听起课来也容易了一些，而且课前的课件也很有帮助。不知道是不是单纯是我电脑的原因，有时候看到一半没有继续观看，再次打开看到一半的视频就看不了需要重新退出再点进。,1
可以巩固知识，很棒,1
视频超棒的就是课件内容略少了点~,1
通过课程学习，收获很大，对金融学的知识有了更加深刻的认知,1
内容深入浅出，配合实例讲解清晰，1.25倍速播放节奏正好。,1
慕课上的会计学课程种类繁多，但作为一个面向非会计专业学生的课程来说，课程通俗易懂、没有过多冗杂知识的堆砌，能很好地帮助零基础学生提升自我。非常奈斯，很棒，希望老师们能继续做出更好的课程来！,1
老师讲得很好，逻辑清晰，通俗易懂,1
超五星评价，老师用精炼语言解惑。,1
为了解etf期权，搜到了宋老师的课，宋老师讲课深入浅出，生动有趣，,1
本科完全没接触过金融的小白 研究生上了宋老师的课 课堂上听的有点吃力 期末啦 慕课两倍速发现真的都把知识串起来了 很多课堂上没听懂的都差不多理解了 虽然bsm推导那里还是一知半解 但真的收获了非常多之前没学过的东西 比如概率空间 可测空间 σ代数 之前听都没听过 现在已经有勇气去查百度了 继续努力 感恩宋老师！ ,1
这门课程用的是John C.Hull 的大黄本，和学校课程教材一致，不同于其他mooc可能仅仅是浅层次的介绍性课程，这门课老师真的是把基本思想原理知识点推导全部深入地讲明白了！！！我太激动了！！简直拯救我！！之前自己看书的话其实有些吃力，但学过mooc之后就是很自然地被老师带着吧知识慢慢理解然后串联起来了。真的超级超级超级感谢授课教师，也希望今后能有更多这样优质的课程！！！,1
"深度非常够, mooc 上大部分都太浅了",1
宋老师讲的真好，很有风险管理天赋,1
很不错的课，就是无法使用云平台比较可惜,1
谢谢老师的课程。虽然有很多听不懂。还是耐心的看完了。需要再再看书补充才行。,1
老师讲的太棒了，学习到了很多金融衍生品的基础知识。谢谢老师和课程团队的辛勤付出！,1
这个课程给了非会计专业的我们极大的帮助，老师们讲得非常透彻！特别赞，要一直学下去哦⊙?⊙！,1
非常实用而且贴近生活实际的课程，无论是否是经管专业的同学，我觉得学习这门课程都大有裨益。课堂形象生动，更多用实际案例引入，因此理解起来比较容易；内容前后框架紧凑，很容易建立起自己的理解，希望大家能够更多地参与进入我们的学习！,1
之前我比较排斥网课，但是这次的慕课会计学让我有不一样的感受。视频设计很用心，知识点和逻辑都非常清晰，ppt和随堂测也都很全面及时，还有师生的讨论互动，不仅学习材料很充足，而且老师们也非常优秀。希望自己可以在这门课上学到更多知识！,1
这个可以学一下,1
这门面向非会计专业同学的课程采用了生动灵活的方式让我们每个人都能够较为容易地理解，又快又好地掌握会计学的基本知识，非常喜欢这门课程，希望大家一起来参加呀！,1
课程采取线上授课但精心准备的内容完全掩盖了线上的枯燥无味，章节之间的衔接连贯，课程体系间相互联系可以让我们边复习已经学过的知识边拓展新知识。从会计学科来看非会计学专业学生入门很艰难尤其理解会计和数学在记账上的差异但该课程中穿插老师们对会计学科的基本逻辑内核理解，将会计和数学的差异梳理清晰。从课程中穿插的小话剧等翻转课堂形式的拓展我们可以看出来，老师们真的很用心在准备这一门课。这些拓展形式丰富了我们对会计的理解，也加深了我们对会计要素会计等式等的解。非常感谢各位老师，老师们准备课程辛苦了。,1
整体课程安排合理，内容讲解清晰明了，形式丰富新颖，可以让非会计专业的学生抓住核心要点，更好的进行会计知识的学习。,1
课程讲解很容易懂啊，结合实际而且要点明确，感觉特别适合没啥基础的我们，形式也特别丰富，加深印象,1
老师的讲解详尽易懂很适合非专业学生学习会计,1
很好，理论联系实际。感谢老师们,1
见过比较少的精心准备的课程了,1
初学会计有很大的启蒙作用！讲的虽少，和其他地方授课形式侧重理解不同，老师介绍知识点的同时，自己可以思考，主动学习者必备课程！,1
讲课比较 生动，就是课后 练习的设置和课程的关联度还有待加强。,1
老师讲的通俗易懂~~~深入浅出的解释了很多问题，受益匪浅，以后有机会还听老师们的课~,1
喜欢这门课程~ 课程设计很有趣，学起来很有动力，推荐给零基础的朋友！,1
课程设置非常精心，充分考虑到非会计专业学生的实际情况，对于非会计专业学生进行会计知识的学习是很好的课程，收获很多,1
真心很喜欢这样简单易懂的讲述，而且老师们的讲述十分的生动形象，方便我们的理解，精心准备的课程，不是会计学专业的我也很喜欢,1
本次课程可以很快带领非会计专业学生对会计学入门，无论是对于跨考会计专业研究生的同学还是有兴趣学习会计学知识的非会计专业同学来说都很有裨益，老师们都很专业，课程内容也引人入胜，尤其喜欢王淑芳老师、赵雪媛老师和李哲老师~,1
宋斌老师讲得超级好，喜欢喜欢！也期待宋老师出些其他的课~,1
老师的课太棒了，结合实际，深入浅出，收获良多，感谢老师一个学期的辛苦讲授！,1
老师讲课认真,1
课程安排合理，老师高屋建瓴！,1
老师讲课非常认真仔细，通过一系列的课后作业可以使自己的知识真正消化，从课程中有了很大的收获。,1
对非金融专业的我来说非常受用，是理解金融最基础的知识框架，能够促进思路清晰地看待财经事件。,1
辛苦老师们的精彩讲解！,1
老师讲课非常细致，课程内容例子很有趣。给老师点赞！,1
好滴很啊啊啊啊,1
老师们讲的都很清楚 将复杂的问题简单化，收获颇多,1
获得了很好的启发及自我认识,1
理论好高深呀,1
老师长得真好看，说话声音真不戳,1
课程非常有趣，通过学习这门课，收获良多。,1
课程能启发思考，能够用较短的时间让同学们把握最核心的思想，老师的讲述也非常生动！,1
内容差不多都讲到了，就是讲得不够生动形象，让人记不住。,1
课程内容很丰富，案例也比较通俗易懂,1
老师们讲课很生动，简要，讲授过程中运用了较多的案例帮助学生理解分析，组织课程讨论等多种形式，体验感nice！,1
学习方便，让普通人也能享受优质学习资源，谢谢慕课，谢谢中央财经大学的讲师们的辛勤付出，谢谢！,1
宋老师这门课讲得非常好，回答问题非常及时，关键是将非常复杂的数学知识讲得非常易懂。受益匪浅。,1
宋老师讲课很清楚呀！最喜欢的地方是可以很好的结合市场，增长实操知识！,1
老师上课讲解的内容超级详细，很有用的一门课,1
我爱老师！！老师我爱你！您真的好棒！,1
宋老师讲课真的太赞了。课下跟着慕课学习，感觉超棒,1
逻辑清晰，生动有趣，干货满满，强烈推荐?(?????????)?,1
第一次近距离看到老师，哈哈,1
老师讲的很清楚，有条理，总结性高,1
老師講的很好,1
学习过程非常有趣,1
老师讲课逻辑很清晰，而且非常有趣，本来很有难度的课程不知不觉就跟了下来，五星五星(*?︶?*).?.:*?。课程还是很有用很干货的，也推荐大家来学习。,1
推荐该们课程，零基础会计入门，掌握快而且课程里老师授课精神面貌非常好，同时能启发性思考，易引起我的学习兴趣。喜欢这门课,1
老师的讲解浅显易懂，课后习题难易度适中，而且都是重点内容，对于不是会计学专业的人来说，比较容易接受,1
课程做的真好，非会计专业的学生，上了第一节课就喜欢上了,1
入门学习，不求甚解,1
老师讲的很有条理，课件也很吸引人,1
很开心能够学这一课程，这个课程采用图文实例，生动形象，更能好好的知道其来由。,1
课程内容贴近生活，可以作为初学者的入门功课，深入浅出。,1
课程很实用 讲解得很清晰 例子举得恰当,1
明白不少理论知识,1
对于一个非会计专业的学习者而言，这种距离的方式授课非常好。,1
宋斌老师讲的真的太好了，深入浅出，带我们遨游衍生品世界，收获很大。,1
课件可否别弄的稍微单个一些呢，四个一起比较不方便看,1
"挺好的，能讨论和联系习题。
业余的也能听懂",1
感觉不错，案例引导，场景触动，感性到理性，特殊到一般，移步换景，深入浅出，分合结合，自成一体,1
浅显易懂，丰富多彩,1
讲的非常通俗，易于理解，还有举例,1
感谢互联网、感谢这种普惠教育模式，让我们在今天不必再顶风冒雨甚至饿着肚子骑车去参加晚上的现场学习班！,1
"课程建设是系统工程，与时俱进，不断创新！
疫情期间，大家共同努力!",1
老师授课条理清晰、重点突出、深入浅出，语言生动凝练、讲课内容紧凑、丰富。每小节都附有与视频课程完整配套的课件，课件详略得当，清晰明了，在很大程度上提升了学习的效率，便于预习与复习。并且每章结束后都有“本章测试题”，每章测试题均有五次机会，且每套测试题均不完全相同，而且设有截止时间，因此，使我能够及时有效地巩固当时所学的内容。最重要的是，在“老师答疑区”，总能得到老师及时和详细地解答，因此，更加激励自己积极地思考以及勇于提出自己不懂的问题；在“综合讨论区”和“课堂交流区”，总能和同学们有效地进行互动，不仅结识了志同道合的小伙伴，提升了学习的积极性，而且使我在较短的时间内完整准确地掌握了该课程的知识。因此，非常感谢教授《互联网金融概论》课程的所有老师。老师们的敏锐思维、生动授课以及耐心讲解使我接受了一次又一次互联网金融知识的洗礼，听完收获颇深！置身其中，耳濡目染，我不仅了解了互联网金融市场的范围、特征与效应、约束因素、资源配置的途径与障碍、发展与趋势，接触到了新兴的区块链技术等，而且懂得运用所学的知识去发现和理解现实中的互联网金融现象。因此，在这里向教授该课程的所有老师致以衷心的谢意！,1
很好，我是一个理科生，能够学习金融知识课程，很难得。,1
这门课兼顾了新兴互联网金融的前瞻性与传统金融学的专业性，作为一门概论类课程非常棒。测试题也能帮助课后回顾课程重点。PPT很条理，概览、细节、总结很清晰。在互联网金融蓬勃发展的当下，有这样一门概论课程，很棒！,1
 课程讲解深入浅出，每一章节介绍的都很详细，在课程讨论区老师们很负责的答疑解惑，同时课程的考核方式也很合理，每一章节都有本章测评，及时地检验学习成果。本次课程学习收获满满，期待下一次课程的学习。,1
中M上第一门互联网金融，内容总体上不错，课堂交流区没有讨论题最后总分还是砍掉了讨论项和测验合二为一了，比有些课程处理的好，不过几处瑕疵——没有优秀档（相信不少人会是看到评分标准后打消了测验刷高分的念头），关于负外部性的多选题感觉和微经有出入，还有课程团队以后真应该注意课件的文件名问题，八九十个PPT下载后都要重命名简直吐血……,1
课件做得很好，案例贯穿教学，易懂,1
很棒的课程，零基础者也能跟上老师们的讲课速度！,1
很喜欢宋老师的教学风格，真的受益匪浅，很多之前不明白的，都听懂了！最近随着宋老师的课程看了一些期权的书，不得不说，老师讲的是其中最清楚，最深入的！,1
很好.老师很认真,1
内容翔实，收获颇丰,1
内容丰富，简洁明了～,1
非常喜欢这门课的内容，因为在生活中，有人的地方一定有心理学因素，金融行业也不例外，这门课让我认清楚了自己很多决策的产生过程,1
非常好，特别是视频后会附有一些专家学者的研究论文名称，可以课后去看,1
"很好，老师很用心

",1
老师尽职尽责，课程内容丰富,1
视频内容质量非常高，老师讲的很精彩,1
老师的引导性和针对性很强，并且有许多扩展资料学习，辛苦老师了~,1
讲的很有扩逻辑，引人入胜。,1
授课新颖，形式多样,1
老师讲得好，浅显易懂，很有意思，推荐大家参加！,1
宋老师讲的非常清楚，授课严谨，让学生知其所以然，非常棒的老师！,1
老师讲的生动形象，激发学习动力，强烈好评~,1
感觉讲的挺好的,1
深入浅出，相当不错，点个赞。,1
老师太厉害了。,1
老师讲的很好很精彩,1
听宋老师的课有种想回炉再造的冲动！,1
作为衍生品的启蒙课程，第二次再温习，给我更深的体会，前期的疑惑经过课程的重复豁然开朗，思考是可以越来越深邃的。,1
很好，只是内容干活质量太高,1
讲的透彻易懂，点赞,1
讲的挺好的，专业，有趣。,1
一直以来对于期权交易策略和定价的内容不是很熟悉，宋老师通过很多实例让我能够对于复杂和深奥的理论有了比较系统和清晰地认识，非常喜欢宋老师幽默风趣的授课风格，没有距离感！从课程当中不仅收获了知识，也收获了对于好大学的理解，更增加了对于金融衍生品市场的认识，非常感谢宋老师的指导！,1
"讲的很生动。学一些先修课程再学会更好。
小小的建议，白板笔可以换个墨量足一些的，可以再清晰些，前面有些课程写的看不太清。",1
老师启发式的导入，把理论通俗化的讲解，学习起来更加轻松,1
"课程真的棒
",1
最喜欢的课程之一,1
非常专业，老师很敬业。拍摄场景是真是央财课堂，非常赞,1
听了第一章后就觉得特别好，老师的讲授清晰明了，小动画串联也很生动有趣，非常适合我这个非会计专业的学生入门学习！老师们辛苦了！,1
很棒！以前有学习过其他的会计课程，但都是需要一定的会计基础才能学懂。这个课以按离为引导，逐步深入，特别适合0基础的。,1
对于一个初学者来说，课程由浅入深，概念清晰易懂，视频教学看起来很轻松。,1
很好的课程，就是考完试没有解析很难过,1
我们学校的老师就是优秀,1
"老师讲得好。
",1
内容丰富，老师水平高。,1
挺好的，学到了很多知识。谢谢老师。改变了我的人生。,1
关于再贴现利率部分有错误，再贴现率提高是收紧货币政策，不是放松，第八周货币市场,1
讲得很好，很透彻，很喜欢！,1
课程视频不能下载吗？,1
老师讲得很清楚，配套练习也不错，还有互动讨论区，老师都及时对问题和疑惑进行了解答，对会计学的学习有很大的帮助。,1
老师讲解的很清晰，课程内容编排也很合理。,1
老师备课的内容很丰富,1
能从各位老师的课堂上学习到之前没有接触过得知识，非常快乐，尤其对我这种希望能多学习一点的人,1
老师讲解很详细，并且穿插了很多同学对问题的深入讨论。特别棒。唯一的建议：希望可以多提供一些文档资料，方便阅读。可以参考 浙江工商大学 的 投资与理财 课程中的资料方面。其他方面都很完美。,1
增加课程的中统计信息更新及时性很重要,1
老师很优雅，博学,1
非常好，通过学习知道了金融市场的基本工具和基本名词术语，相信在以后会给理财投资活动提供强有力的基础。,1
想问下听第一次开课的同学，能否借用帐号，因为要19考研准备面试，需要短期恶补，可有偿，多谢,1
我觉得黄瑜琴老师讲得非常好，学到了很多知识，而且是跟传统的经济学不一样的观点，很受启发，谢谢老师！,1
该课结构安排合理，内容生动有趣，不枯燥，老师讲解通俗易懂，语言简介清晰。这样的课值得学习，感谢老师们的辛勤付出！,1
讲的挺有趣且浅显滴，语速1.5刚好哈哈哈,1
老师们都很辛苦，PPT和案例都很清晰，课堂后的讨论大家也很热情。上完课就觉得学习这门课之前是必须要有一点点的基础的。我算是初学者吧，对心理学和金融学都有兴趣想。比如像认知偏差之前是有接触过的，也学过财务管理。还有，可以为每一课加上字幕呀。,1
老师准备非常充分，尊敬！,1
与许多理论、知识和经验不符，行为金融学开启了一扇未知的大门，谢谢老师们的精彩讲授！,1
老师讲的很棒，推荐！,1
老师在授课过程中结合大量案例，深入浅出，特别适合零基础学生学习，强烈推荐！,1
可能是对金融学感兴趣吧，感觉老师讲的很好，谢谢,1
课件内容丰富详实，且形式多样，对进一步学习金融学有很大帮助。,1
感到十分充实，谢谢老师们辛勤的工作！,1
尤其是课后还有师生讨论环节，非常贴近现实需求，接地气~答疑解惑收获很多,1
课程内容丰富讲解详细，好评！,1
"很有帮助，让我对于金融有了一个整体的框架，为以后的学习打下基础
",1
老师很好啊啊啊,1
课件很全，讲的也很好,1
一直希望了解金融学，听了一下，感觉讲的也很好。,1
金融学的小白，听老师深入浅出的讲解，获益良多。,1
老师非常专业、认真,1
课程讲授重点突出，是非会计专业学生学习《会计学》的不错选择！,1
非常好，内容全面，与时俱进,1
"老师讲的仔细
",1
非常充实有用的课程!,1
课程兼顾了趣味和知识，非常适合学习～,1
老师课讲的特别好，思路清晰，引用简单的例子说明有利于理解，还有一些全面的拓展资料，非常适合非会计专业的同学学习。只要坚持学习，一定会有很大收获。,1
课程很好，如果能够提供电子版教材，那就更棒了。,1
老师们精心制作的慕课给线下学习作了很好的铺垫。作为非会计专业学生，先看一看视频再去学习书本，条理会更加清晰；而且每一课都有配套的练习，非常有帮助。,1
教学内容深入浅出，非常棒,1
深入浅出，非常不错,1
课程内容很赞，对非会计专业的学生很友好，零基础易上手，老师解答疑问也很及时，必须给好评,1
对于学习非常有帮助！,1
老师讲课内容清晰，采用的方式有趣生动，能够很好的吸引我们的注意力，并且便于理解。在答疑解问方面，老师能够及时、耐心地回复。谢谢老师，老师辛苦了！,1
老师讲得非常认真和专业，值得好好学习！,1
很好呀，谢谢各位老师，辛苦了,1
内容很有用，感谢老师。,1
老师讲的让我受益匪浅。,1
课程内容十分具体,1
把会计学讲得生动活泼，浅显易懂，很喜欢这个课程,1
易懂，讲解清晰,1
很棒，课程设计很齐全，老师也很负责,1
十分适合应用,1
每一堂的讲解都很有体系和特点，确实是按照课程介绍里通过动画，问题答案，案例的来教学的,1
视频做的特别有意思  易学习,1
老师们讲课非常详细，而且讲解形式新颖、有意思，大家都很愿意看，感谢慕课，感谢老师们，收益匪浅,1
中央财经大学的会计学超级棒！赵老师讲得很细而且很耐心，即使是非会计学的学生也能听得懂，学得会！,1
很喜欢，深入浅出,1
利用空闲时间学习，想学什么学什么，无需按时打卡，自由自在，轻松,1
很棒。提供的拓展阅读也长知识。也都是身边的例子。,1
老师们都非常专业！让我这个非会计专业的学生对会计都有了不小的兴趣呢！,1
老师们讲得非常棒，感觉通过看这门课我的会计学入门了，会坚持学习的。,1
"超棒，尤其是老师对各章节的串联和整体把握上。
",1
挺有趣，挺好的！,1
课程知识架构很全面，极大地帮助到我的工作，十分感谢,1
学到了很多知识，增加了社会的理解。,1
不错的课程，学习了很多基础知识，给老师点赞！,1
知识点讲解清楚，结合实际介绍理论的应用，,1
从整体上展示了 金融学的大概，以及这个学科的脉络，,1
受益匪浅，打好金融底子,1
学习还是蛮累的。,1
此课程是我学习金融学的入门课程，让我对金融学了解了许多，也让我对金融学有了大框架,1
"我作为非会计专业的学生，选修会计时好多东西都没学明白。通过别人推荐来看的这门课，老师讲解知识点真的好清楚啊，听完第一节就觉得自己后面还会接着听，希望能把之前没学好的补一补
(? ??_??)?",1
很好，内容很理解，老师讲的很细致,1
真好真棒真不错,1
讲解清楚、举例形象,1
纯是为了学习而来的，感觉还不错，但还是感觉有些书本化，离实际有些距离，其中对成长股定义有问题，没有体现成长性，只体现垃圾股特性了,1
讲解的很清楚，很有条理。,1
老师认真负责，深入浅出的讲解让我学到了很实用的知识,1
课程内容安排科学，老师讲解条理清楚，简洁明了。自己需要一定的经济学基础做准备就更好了。,1
老师讲得很好，课程设置合理，我学到了很多知识,1
"老师特别棒，教的通俗易懂

",1
宋老师这门《期货与期权》课程是一门精品课程，和其他慕课不一样的是，这门课程制作是在2016跟随中财学生的课堂同步录制的。有深度，要求高，每一个小节和单元都是精华。宋老师本人水平也很高，我非常羡慕中财学子。,1
感谢大家对课程的热爱和肯定。由于慕课的受众面很大，学员们背景差异极大。有的学生会觉得课程太难，有的学生觉得技术性细节还可以更加深入。有的学生只想学习衍生品实盘交易。有的学生或许是为了考证而来，为了升学而来。惟愿大家都可以从课程中汲取自己想要的内容。更愿通过课程大家感受学习新知识和新技能的快乐。生活不易，但还是需要笑对人生。祝大家在这个魔幻的2020年平安健康！,1
由于工作中有涉及有幸参加了这门课程的学习，一方面深入了解了衍生品专业知识，另一方面也巩固了英语学习。虽然可能没有余力一直学习到最后，不过还是深深感谢MOOC平台、感谢央财的老师们及所有课程团队成员的辛勤付出~鞠躬~~~,1
通过学习以前不懂的知识得以融会贯通。,1
讲解清楚，语速适宜。,1
"第一遍在MOOC上看的，感觉听陌生， 后来再b站上面找的“盗版”看了一边，有了弹幕果然食用更美味！ 然后发现 宋老师也开了b站，还特意关注留言，也得到了回复！哈哈太棒了！！
 我觉得 如果mooc 可以开弹幕功能也挺好的。首先我认为，在学习视频中真正发弹幕的人很少， 不会影响感官。此外，理由如下：
1、弹幕让学习者之间有个一个相互交流的方式， 不仅联系了观众，还联系了当下的时事政文，比如现在Libor起伏很大， 美股暴跌....
2、同时，b站中总会有精彩的弹幕对课件内容实时评论，解释，解读，让学习者有一个更好的交流。
3、弹幕能不断刷新学习者的注意力。 网络学习最难的一点是什么，就是长时间保持注意力集中，但是弹幕是一个很不错的方式。
当然，凡是都有双面性，弹幕能否实现，还需MOOC多方面考虑。

最后， 我要吐个槽！倍速看视频总是卡！！总是卡！！总是卡！！ 希望后台工程师解决下这个问题，谢谢",1
生动形象，需要一定基础,1
宋老师太幽默了，哈哈哈哈哈，其实建议这个课比较适合已经学过投资学，对衍生品市场有些基础认知的同学们，不太适合金融小白，但是老师授课蛮好的，很生动，例子也很有趣，会给一些市场上的事例，很棒的！！,1
"老师讲的很有趣,很专业",1
简单易懂，课程生动有趣~,1
我是从宋老师的课程一步一步了解衍生品相关知识，感谢宋老师,1
正准备考期货从业资格证，宋老师讲得特别好，深入浅出，通俗易懂。,1
玩了半年股指期权，还是想系统学习一下。老师讲的很生动，不错,1
喜欢这个课 PPT都是英文的 然后老师讲的中文 中英文交替 很容易理解,1
"期待很久了
",1
多多提高视频质量，细致讲解。谢谢，我会一直关注。,1
想继续听下去,1
老师巨赞，特别是加入了自己的一些经验，并且形成逻辑体系，受益匪浅！！,1
值得学习！尤其老师渊博的知识、幽默的谈吐给枯燥的理论学习带来一股清风，谢谢教授。,1
老师讲解十分细致，内容详实，与课上所学内容互相补充，能加深我对金融工程相关知识点的理解与记忆，有些课上没太懂的问题反复看视频可以有助于理解。走心推荐！！！,1
通过学习这门课程，对金融工程的整体框架有了更为清晰的了解，同时也注意到许多平时学习容易忽略的细节。各位老师讲解的非常详细生动，对所提出的问题能够及时给予解答。,1
课程内容很多很好,1
金融工程概论和线下课堂紧密结合，老师讲授生动形象，深入迁出地向我们传授了金融工程概论的相关知识内容，使我们受益匪浅。,1
老师内容很全面，若实际操作可操作性也强。,1
学到了很多知识，很有用，老师辛苦了,1
"和课堂内容互补，很有帮助? ?)?*??
课后习题量比较大，题目质量也不错(??????)?
就是总不小心错过测验(╥_╥)
课程还是hin好der（?????)",1
老师讲解的内容简单易懂，课后练习全面便于查漏补缺，对预习有很大帮助,1
会计课程内容基础但丰富，生动的例子将理论与实践充分结合起来，方便了学生的理解。随堂测验和定期的单元测验也能够及时检查我们是否理解了所学习的内容。但同时我也希望：对于随堂测验的习题，尤其是后半部分涉及到数字与计算的，老师在给出正确答案的同时，能够给出具体的解析。这样能够省去学生不必要的提问，提高大家的学习效率。同时，希望网络课程与考核的进度安排更贴合学生实际上课进度安排一些，曾经出现的一周集中上交三章的单元测验实在带来了极大的压力与难度。,1
我通过慕课网的学习学到了很多有关会计学的知识，巩固和预习了课本相关内容,1
做题目可以弥补在课堂上学习的不足之处，看学习视频能够把一些细节上的东西学会补充，向老师提问可以答疑解惑，我认为是非常好的一种学习方式。,1
"课程讲解形式很新颖，师生互动的方式使知识印象更加深刻，理解更加充分。
有了讲课文稿，视频中没有理解的部分也可以在观看结束后利用文稿继续消化理解，满足了多样化的需求。
老师对学生提出的问题解答快速及时，课后联系和章节测验题目难度适中，很好地巩固了课上所学。给课程点赞！",1
"老师讲解的很细致，收获很多
很值得上的会计课！",1
谢谢老师们的精彩解答和授课！,1
内容详细，课堂生动，老师超级棒，建议会计小白报名学习！！！,1
很好，希望老师多讲一些案例，分享一些方案等资料包。,1
内容有趣，详实，老师讲的非常好！,1
慕课可以很好让学生先在课堂前预习 在杨老师等教授的讲解下，会计这面课变得更容易理解,1
老师敬业认真，内容丰富翔实，讲解生动有趣,1
老师讲的很好，很清楚，要是对应练习再多一点题库再丰富一点，少一点走流程的考核就好了,1
我觉得这次课程挺好的。网上会计的开设与线下课程相辅相承，互相补充，丰富了会计学的内容。,1
超级棒！老师讲的灰常好~案例什么的都很用心,1
课程内容详实，很多课程都联系生活案例，让我们对会计有了更生活化的认知，对会计思维的培养有一定的好处。建议可以适当延长学习周期，以便更好的掌握知识。,1
课程内容丰富，老师讲的也很细致。例子生动形象，动画很有趣。就是每章单元测试的时间限制有点短，每次看课程都有些赶。,1
我觉得课上老师讲的加上用慕课课程再看一遍复习或者提前预习都很有用，且视频上老师讲得也很详细很好，对我们学习有帮助！,1
慕课的截止时间有点早了，与我即使到考试的最后一刻也愿意认真学习的心有一些差池。,1
老师们的讲解都很到位，其中也有很多的案例辅助理解，作为一个概论性课程已经非常清楚易懂了。视频质量虽然有些瑕疵，但在ppt的制作包括音效都很好。希望可以再辅助一些更理论性的介绍。,1
中央财经大学的课质量果然就是高 从课件的制作、内容的安排、老师的讲述等方面看来都很优秀 适合有一定金融学基础的同学学习 就算没有 也可以跟着老师一步一步地学 一定能够有所收获！,1
身为中财的学生，十分幸运可以参加这次开展的会计学课程。老师们讲的都十分认真且仔细，配合书本的学习，使得我对于会计学有了初步的了解与掌握，十分感谢老师们的认真讲解！,1
首先网课的形式就比较灵活自由，可以随时依据自己的时间进行学习，而且可以采用自己喜欢的方式，慕课教学运用视频与PPT结合的方法，对自主学习更加有帮助，与日常上课不一样的是，它讲解了一些课外的知识，在学习书本的同时还增加了学习其他知识的能力，作为打好基础同时拓展知识的学习，是一个很好的选择。,1
课程讲的很简单，但内容很精深。深入浅出，老师讲的非常精彩。,1
让我这个人力资源理论的小白，联系自己的工作环境与自身遇到的问题更加易于理解。很不错。,1
能看到如此精彩的授课，很棒！,1
我喜欢，好，非常好,1
讲的很好，别人家的大学,1
第一章，第一节，主要学习金融学的目的，研究对象与研究思路(路径)。,1
棒棒呦。真的,1
喜欢李老师的课 简单易懂 延伸性强,1
看到老师准备的那么多材料后就不怕了！本来刚入门感觉懵懵的，什么都听不太懂……,1
想问一下，零基础，非金融专业的能学吗,1
讲得好！值得学习！,1
提升了基础理论的学习，提高了学习的兴趣，谢谢老师,1
内容丰富，讲的也清晰课件也清晰，非常适合学习,1
人力资源入门课程，主要是现在工作在做人力资源，会有些帮助,1
非常不错的金融学课程,1
很多内容，精彩,1
老师很优秀！,1
感谢朱飞老师！,1
老师的课讲的很有诚意，让我一个小白很快入门了。还想继续听老师的其他课！,1
朱飞老师讲课大赞！！！讲的基础但又有拓展，对于我一个人资专业的大一新生来说让我了解到本专业的工作职责和工作要求，为我将来的学习奠定了良好的基础。。,1
证书怎么申请,1
感谢老师，很有收获,1
课程时间合适，内容难易程度合适，老师讲的深入浅出，容易理解！,1
老师讲课方式好好 学到不少知识 谢谢老师,1
很好嘛    对于初学者的我    有用,1
内容翔实，深入浅出，非常喜欢。,1
逻辑清晰，结构完整，感谢各位老师,1
讲的很非常好。,1
内容完备充实，老师讲课生动有趣，补充资料非常丰富，学到很多！,1
老师讲的很好，受益匪浅！！！！！,1
内容简短，很喜欢听。,1
老师讲的简明干练，也推荐了很多相关书籍，很适合新人逐步入门,1
"授课内容清晰，很好。
就是到底在哪里申请证书找遍了，要崩溃了",1
希望能够在课程中增加案例,1
简洁明了，举例世界前沿,1
课程的内容丰富，参考文献和老师提的问题结合紧密。讲授中提的问题和案例结合，引发思考，非常有用。结合管理实践中常见的问题，具有很强的启发性。,1
"学习本课程后，对自己所在单位人力资源管理部门的职责漏洞有了很大的了解，即使以后遇到类似的问题基本能认识到任何维护自己的合法权益。谢谢朱教授的讲解。
当喜欢这门课程的提交时间：非常充分，让我们这些宝妈们有足够的时间学习，不怕耽误或错过提交时间，非常感谢老师的安排！
还有就是喜欢课程内容的安排：把每一个单元的所有内容都放在开头，方便学习更方便查阅。而且习题类型和考试内容难易度适中，有利于学员的学习和理解，非常不错。",1
朱老师讲的很精辟，深入浅出。,1
课程的设计非常合理：目标明确，思路清晰，内容全面。对初学者来说，有利于形成人力资源管理专业的构架；对本专业学习者来说，有利于理解人力资源管理专业相关的理论背景、机制原理等。学习者需要后续拓展学习。,1
老师讲解的很好，很适合假期自己预习和自学。,1
课程易学有用,1
课程的内容简明，每个课程的教学设计能够适应网络学习的需要,1
老师讲的很不错，就是太笼统了,1
内容很实用，适合在工作中的小伙伴们学习，课程材料也很全面~,1
老师讲的课案例丰富，通俗易懂，使我们很容易理解章节的主要内容,1
老师很负责耐心，课程节奏进度合理,1
老师们讲课的内容是非常好的，配合课程中的举例可以学到很多。还是希望可以在课程中能适当地画一下重点，有很多定义都是听一遍就过去的，直到随堂测验时才意识到这个是需要记住的。不过，再回去看一遍复习一下也是蛮好的。,1
对中央财经大学会计学慕课的学习，是我人生中第一次体验到会计学的魅力，改变了我已有对会计粗糙乏味的印象，体会到其中辩证、灵活的思维方式。总之，会计学慕课一定是我多年学习过程中难以忘怀的一段经历。,1
课程内容充实，老师讲解特别仔细，让大一新生了解了许多关于会计的知识。我们老师的讲解特别耐心，解决了我许多傻傻的问题，真的很感谢。,1
    很喜欢会计学慕课，老师说话很亲切，讲课条理很清晰，还会举一些很有意思的例子，来加深我们对知识点的理解。通过学习会计慕课，我提前预习了很多课堂上还没有讲到的知识点，帮助我在课堂上更好的理解新知识。,1
讲得很仔细，一些不懂的问题也都得到了解答，学习效率很高,1
上课节奏舒服，老师口齿清晰颜值又高，好幕课,1
老师授课方式有条理，重点突出，层次分明，语言生动，内容充实，举例充分恰当，听完本次慕课收获满满。,1
课程内容丰富，对平时学习既有补充又有巩固，必须五星好评,1
传统的知识与现代新技术新环境的碰撞，例子引进多与当下的企业巨头挂钩，很不错,1
"我觉得课程设置的顺序可能和书本课程不一致，但也有自己的逻辑，但是觉得跟着书本逻辑来会比较好！
每个老师都有自己的教授特点，有的逻辑清晰，有的增加了很多有趣的案例，强烈推荐！！！",1
内容很详细，把一些理论概念讲解的较为清晰，配合课后习题，较为容易掌握教学内容,1
收获很大，课程很不错,1
金融工程是每个金融人都应当了解的专业课程。任课老师们逻辑清晰，条理通顺，教学相长,1
内容详实，是对课堂讲解很好的补充,1
王辉老师讲得很好。上这门课之前还对什么是金融工程很不理解，觉得是门特别高深的课程，听了王老师的授课之后，虽然对金融工程还是有许多未知的、需要进一步了解的，但是已经有了大概的了解和初步的认识，也产生了继续学习的兴趣。,1
我认为这门课非常好，通过十五个单元的视频资源、课件资源和单元测试，我对这些知识都有了一定的了解。尤其是其中的视频资源，我觉得每位老师讲的都很好，清楚容易理解，但唯一我觉得稍有不足的是视频缺少字幕，如果能加上字幕就能更好地方便同学们理解了。,1
课程十分详尽地介绍了金融工程相关的内容，适合各种学生使用，老师讲课认真细致。,1
本课程设计精致，老师专业水平很高，而且内容十分全面，弥补了课堂授课的欠缺之处。尤其值得称赞的是，每章都有十分丰富的补充阅读材料，涵盖背景知识，理论推导等多方面，能让我们对课程内容有更全面的理解。,1
这个金融工程课内容很丰富。,1
mooc这种形式非常好，让我们能够根据自己的时间来安排学习时间。老师们的讲解很清晰，听不明白的地方可以暂停下来重复观看，非常适合我这种数理基础较差的文科生。部分课后的测试题有难度，需要认真思考。,1
老师说的很棒，但我的基础问题，有些地方实在听不太懂，数学基础太差,1
老师讲的很好，收益匪浅,1
我还是太菜了,1
系统的认识人力资源管理、,1
挺不错的课程 ,1
学习，收藏。,1
作为零基础的小白，很适合学习,1
内容、教学方式都非常好，非常感谢,1
昨天才选这门课。学习完通过考试还可以申请证书吗？,1
老师讲的很清楚   所以听的效果也不错,1
内容丰富翔实，授课方式颇具特色，特别是讨论课的安排很有特点。前三十年是官办的半供给式的计划经济，应该讲有取得成功的时期，由于政府垄断了一切资源，当长官意志变成非理性时计划经济危机出现了；但在市场经济环境下，微观经济体仍然是严格计划的，只是建立“接口”{例如ISO9000质量管理体系}来与外部市场环境相适应。大数据处理不像文科相像的那么容易，现在计算机处理数据的量级大概在2的100次方水平，还有算法问题，是否可以从方法论入手（系统论、信息论、控制论），我以为值得研究。在具体研究方法上，也可以把理工科的方法引进来，例如均匀设计。文理互通是否更好些。很不成熟的想法，不当处请指正！,1
哈哈哈哈，讲的很好。,1
讲清楚了钱这个东西。,1
教学优良，讲解清楚，细致到位，,1
课程内容丰富，老师教学很有趣味性。,1
这门课内容很充实，,1
挺好的 比较基础,1
李教授讲的非常好！,1
很好，怎么获得教材,1
老师讲的很有条理，逻辑清晰，讲解较为清楚。内容不够细致深入，很多细节部分和更深入的内容没有涉及。总体来说帮助很大。,1
感觉内容有点少，和书上衔接不大，不好做笔记。其余老师都做得很好。谢谢老师们，辛苦了。,1
老师讲得很好，适合入门学习，配套资料很全，老师们辛苦了，谢谢你们。,1
毕业好几年，重新听老师的课还是回忆满满～很多知识需要重新学习才能加深理解，非常感谢老师们的付出。,1
很好 收益颇丰,1
非常好的课，受益匪浅，就是希望老师能把涉及计算的例子再讲细一点。,1
讲解清楚，考试比较合理,1
满意恍恍惚惚,1
非常好，很有收获！！,1
课程十分丰富，收获很多！,1
通过本课程的学习，我们掌握了系统的金融工程知识，在老师详尽清晰的讲授下，我们了解掌握了金融衍生工具的交易机制、定价原理；通过课程的学习，不仅在基础知识上有了一定的提升，也培养了我们金融工程的思维方式，已经利用金融工程创新性的解决实际金融问题的能力。,1
享受只是带来的快乐~,1
非常棒，授课形式生动，利于理解,1
课程非常实用，而且老师们讲解很细致和认真，收获很多~,1
系统专业，金融财经的王牌——中财,1
本来以为课程名为概论，应该比较简单，谁知道并不简单。不过老师讲得很好，逻辑性很强，不懂的多听几遍还是可以搞懂的。,1
很好的课程，比较细,1
"排版逻辑清晰,推荐大家学习",1
老师讲的很好，很好的把一些知识点融入生活中进行讲解,1
认真思考，深入学习！！,1
希望能发挥mooc的优势，将30分钟的视频进一步分成几个小视频，按每个知识点，方便学习,1
可以感受到李健老师丰富的知识面，第一节课就给我们明确了学习方法和对金融的认知，规则、条件、原理；辩证的看问题，实践去得真知，事务是不断发展的。已经订购书籍了期待后续的学习和进步,1
很喜欢李健教授的金融课,1
对生活对工作都非常实用的一门课程，课件资源设计很全面，对自觉来说太棒啦。会认真学下去的。,1
是今天上课吗？几点啊,1
课程内容详实，组织安排合理,1
课程内容简单明了 需要仔细听老师课件之外的话 会收获颇丰 尤其是汇率这节 ,1
非常感谢课程的老师，让我获益匪浅,1
入门学习 全程免费 非常感谢,1
很棒，老师讲课逻辑清晰,1
授课方式和氛围真的超级棒,1
还行，不错，学到了不少知识,1
特别喜欢随堂小测试，暂停的时候回顾一下 听讲内容。毕竟有时候听着听着就走神了,1
非常适合入门的课程,1
朱教授讲的条理清晰，不拖拉，精简易懂！再次谢谢朱老师！还有感觉授课用的PPT也很不错，美观大方！,1
人力资源在当今企业中的作业越来越明显，怎么使人发挥潜能并为公司带来价值，如何使人才不断的增值，这些课题都将影响着未来相当长的时间。所以我认为人力资源管理课程将会得到更多人的给睐！,1
学到了很多，感觉很好！,1
很不错的课程，闲余时间可以多在这上面学习，并且是和名校名师一起，很好,1
朱教授把人力资源的起源到发展，讲得清晰、明了，挺好的。,1
老师讲的很仔细，收获颇丰。,1
还可以吧 我觉得,1
和学校的会计学课程一起学习，是个非常好的补充,1
王淑芳老师细心讲解，生动形象，称得上国家精品课程,1
特别棒！为老师点赞，冲鸭??????????,1
国家精品课程！王淑芳老师的讲解也很精彩！本人受益匪浅！,1
老师们辛苦了！！！,1
非常好！老师讲得很细致，视频制作得很精良，老师经常会在评论区互动，也会及时回答同学们的问题，极大地帮助了我们零基础学习会计学！希望慕课越办越好～！,1
谢谢中央财经大学会计学老师们的耐心讲解 虽然不是会计专业 但是通过这门课 我对会计学有了一个十分清晰的脉络了解 打开了我对于会计学的兴趣 十分推荐这门课！,1
这门课程给我的会计学习带来很大帮助。结合线上课程，我们的会计学习更全面更有效。谢谢各位老师～很喜欢王淑芳老师的讲解。,1
尤其喜欢王老师的讲解，爱您,1
中央财经大学的老师真棒！,1
有助于辅助课程学习,1
课程内容很好，老师讲解清晰明了，超级好！,1
太棒了，老师讲课讲的特别认真，通俗易懂，非常喜欢老师讲课，王淑芳老师女神,1
老师讲的特别好，讲的很详细，很生动。,1
讲得好，讲得好！,1
课程内容从会计学这本书出发，围绕了基本知识点，配上了清晰易懂又不失时事性趣味性的案例，让我们可以更直观地、更生动地学习会计知识，并更深入地意识到会计之于企业、之于生活的重要作用和意义。老师的讲解也很是清晰易懂，将复杂的知识用最浅显的语言讲解出来。配套的题目和练习让我们随时检验所学知识，巩固理解。很赞！谢谢老师们！,1
课程内容很丰富，老师讲解非常认真仔细，收获很多，能基本了解会计学应掌握的初级知识。,1
课程详细清楚，老师耐心回答，很好的课程,1
老师上课讲的非常的好！使我受益匪浅.对会计学基础有了较为系统的了解.老师非常和善.有问题在后台提问了.老师会非常耐心的回答.同学们也会热烈的讨论.我认为课程十分的有意义！,1
超好的老师很细心,1
十分的清楚，和课程相关，让我收益很大,1
挺好的哦啊啊啊啊啊啊,1
听了老师的课，从金融小白到对金融工程有了一定的深度的认识，对论文选题和研究方向确定提供了重要的指导。,1
老师，请问下我如果把第一次课和第二次课全部看完需要多长时间？我是准大一新生，金融工程专业，现在适不适合看这个提前了解一下？希望老师能指导下我，谢谢,1
什么是期权啊老师？,1
非常好的一门课，深入浅出地系统讲解了金融工程的概述、衍生品原理定价等内容，值得大家选择与认真学习。,1
讲得真的太好了，我们老师讲的我没听懂，现在来听这个老师的，真的很棒，感谢老师，感谢慕课这个平台。,1
内容生动翔实，对于辅助理解很有用！,1
很棒，学到了很多东西，以后还会继续的。,1
"特别棒，老师讲课细致动人
",1
视频和ppt对课后复习很有帮助,1
课程结构条理清晰，视频授课也讲得很明白。好评！,1
课程内容翔实，条理清晰，推荐～,1
"该课程培养具有现代金融理论，经济，管理，数理工程和信息技术知识，掌握金融计算机，金融数学，金融英语的基本理论知识和应用能力，是比较新的课程，对我们有很大的用处。

",1
"深入简出
适合为学习金融工程打基础！
中财出品，必属精品",1
非常有用的课程，内容都很基础，简单易懂，是辅助学习的好帮手。,1
课程很详细 收获颇丰,1
老师讲的很好，课上理解不是很清楚，通过MOOC的视频和课后的练习加深了我对知识的理解,1
授课深入浅出，条理清晰全面清楚，对对于课堂的查漏补缺很有帮助，全是干货,1
"课程质量很高
",1
先提醒一次，等下再回来码字,1
整体来讲对会计学的学习有一定帮助，老师讲解生动详细，对同学们的答疑也很及时准确，提交作业的时限也起到了督促学习的左右。美中不足的是对于修会计学课程的同学来说慕课和现实课程进度不一样比较难受，可以把提交作业的时限和课程进度放在差不多的时候，对于没有修会计学的人也没有损失。可以多几位老师参与视频录制，让我们体验不同老师的讲课风采。谢谢老师！老师辛苦了！,1
课程老师教的非常仔细，从理论到事务，理论和实务的区别与联系都讲的非常清楚，且实时符合最新的会计准则，特别严谨，老师讲课总是与实例结合，很生动易懂，对疑问的解答也非常详细及时，感谢老师的辛勤付出，老师辛苦了！,1
内容详尽丰富，超出预期，值得好好学习，反复琢磨，点赞 加鸡腿,1
"老师都超级好
看到现在最喜欢蔡如海老师
老师们辛苦了",1
加深了对人力资源管理的理论认识,1
人力资源管理讲解清晰，分析深刻。,1
意识到在现代企业中，人力资源管理不只是人力资源管理部门或人力资源管理专业人员的职责，而是全体管理者的职责。,1
内容新颖，解说流畅！,1
人力资源由传统的职位模式向战略发展模式转变。,1
老师讲解得好！,1
通俗易懂。希望开高阶课程,1
挺全面的！就是案例少点！,1
任何一门课仔细拆开来学的话，都是复杂的,1
学习到很多新鲜多西。不错,1
我觉得讲的很精炼，但是很多细节需要我们自己去细细体会，视频里的只是知识点，更多的需要我们课下自己学习,1
以前和单位的HR直接有矛盾，和公司的领导也是对着做，感觉自己够好的了，但是通过课程的全面学习，才了解到好多应当掌握而不知道的一面，下一步将更加完善自己。,1
朱老师讲课新颖，易懂。是学习的好平台。,1
老师的讲解很精彩，思路很清晰！内容也很使用，挺棒的一门课程,1
理论和实践相结合，比较实用，无论是在校学生还是上班族都是很好的充电神器,1
老师上课认真负责，收货颇丰。,1
老师讲的还是很不错的呀,1
课程内容很全面，理论和实例相结合，有助于初学者的理解和掌握,1
老师答疑讲解认真仔细，学习之后有所收获，好评,1
非常不错，作为一个会计学小白学起来很容易理解 ，案例非常详细易懂,1
课程很全面，帮助我找出来很多缺陷，非常感谢老师的指导答疑，尽管我个人缺了很多次测试成绩，但课程对我的帮助非常大。科目明细我不是非常清楚，我希望测试题目中能多一些会计分录的细节题，我的平时作业总是在很多细节方面出问题,1
老师讲课特别特别厉害，对课程内容无比熟悉，还会给我们补充最新的会计知识并佐以时事帮助理解，夸爆！,1
关于慕课上学习，我觉得有很多的好处。首先，当你听课留神的时候，课下就可以利用慕课来学习。其次，期末的时候可以在慕课网上温故而知新。最后，课上的时候，因害羞而不回答问题，但在线上的时候可以大胆的提问了。 有所改进的地方话，希望在课后习题的答案后面有解析。 最后，老师辛苦了,1
非常好！中财的会计学慕课深入浅出，即使是会计学小白也能很快掌握核心知识点。老师讲课的方式有点机械，值得改进。,1
很好的课程，大家快来一起学习吧！课程内容充实，既有金融学的知识，也有很多信息技术的知识，适合没有基础的同学迅速了解互联网金融以及金融基础知，也非常适合金融学和学计算机的同学学习，通过这门课程把自己培养成复合型人才。通过老师的详细讲解，认真学习课程内容，按时完成每一次的课后题，一定会有很多收获的！,1
我觉得很好的，老师总能及时给我们解答问题，辛苦老师们了！！,1
其实我是上了一久的课之后才来看的慕课，看了之后才觉得自己挺后悔没提前来看慕课预习，慕课可以作为预习和复习的好材料，对于没有听懂的地方我能够得到巩固，对于需要拓展的地方，我也能够获益。其中，我最喜欢的两个老师是赵雪媛老师和李晓梅老师，风格平和，我很开心能听到她们讲课，在此再次感谢她们和所有的老师！,1
专业详细，体系化教学，高质量。,1
这门课程对我来说太有益了！很久没有这么醍醐灌顶过！老师很负责，每章的讨论题都会耐心解答，讨论区十分活跃，真心不错,1
好啊，真的好,1
老师真的很用心，在日常授课的同时经常根据我们的意见进行修正，讨论区讨论也回复频繁，是不可多得的一门好课！,1
金融工程概论MOOC对于有一定的金融基础，但是对于金融工程刚入门的同学来说，是一个了解金融工程，培养兴趣，并进一步学习的很不错的选择。首先老师的讲课非常清晰，不同的老师有不同的风格，但是都可以非常好地接受。课程提供的课外资料比较丰富，不局限于课程知识，进行了一定的拓展，供同学们学习。除此之外，每周一次的课后测试，帮助同学们巩固了学习的知识，很值得推荐。通过MOOC的学习，让我可以对学校的内容进行预习复习，并且进一步理解老师上课讲的内容。同步进行，学习效果更佳。,1
金融工程课程很好，内容丰富，让我学习到了许多关于金融工程的知识，案例分析也很详细，最重要的是让我体会到了金融工程的思想，总体而言，本课程很好。,1
课程内容丰富，干货很多，如果可以加上字幕就更好了,1
MOOC的课程内容从前到后逻辑体系很清晰，老师在讲解的过程中很重视实际例子的补充，基本上一个知识点讲过之后就会用例子带领学生去应用，利于知识的消化吸收。另外，课后的补充材料很丰富详实，是重要的学习资源。课程和上课所学角度略有不同，可以互相补充，彼此增益。最后，希望本课程越办越好。,1
"金融工程概论这门课老师们讲的很好，巧妙的将理论与实际结合，满满都是干货。
但是视频的片头声音太大了，视频默认的自动切换总是会被震到",1
"从课程内容来看，内容十分贴近生活实际，能够学后即用。同时其内容也贴近期货从业考试，内容由浅入深，非常棒。
从师资来看，各位老师的渊博学识能够在授课内容中充分体现，非常喜欢几位老师的讲课方式，逻辑非常清晰，远离拿捏准确。
从课程结构来看，有非常多的事例供同学们学习和理解，对我的学习有非常大的帮助。
最后还是感谢各位老师的辛勤教导啦~",1
"老师们讲的非常好，课程连贯性很强，对重点知识的讲解很到位！上王辉老师的课学习到了很多，尤其是对金融衍生品及衍生品定价有了非常清晰的认识。Mooc制作很良心，附加的相关链接材料和重点知识提炼对学习的帮助很大，章节的设计也十分巧妙，感觉是一种循序渐进的过程。
唯一美中不足的几点是：（1）每节课开头背景音有点大，老师讲课的声音略小，总需要进行音量调节。
（2）某些难点的讲解可以更清晰，例子可以多一点。比如互换的定价那一章，老师可以讲的细致一些。
最后感谢所有老师们的辛勤付出，真的太认真负责了！",1
"内容比较详细
",1
"我觉得课程相当不错，本人脑子比较憨、老师在课堂上讲的太难太快太跳了我跟不上，到慕课这里难度正好合适，很基础细致。非常有助于我加深理解，梳理清楚知识框架，才能更好地去搞懂那些模型公式。
我每次学习慕课之前觉得金融工程难到死，一堂课不落、不敢走神却跟没上过一样。结合慕课学习之后对照课堂内容，发现自己的思路清晰了不少。
另外一句真心的题外话：希望老师设计课程的时候能把慕课的优点搬一些到课堂上去，两者可以相长。因为好像绝大多数学生听课时都和我是一样的晕",1
这门课特别好，深入浅出地为大家讲解了金融衍生品的发展历史、交易机制原理、定价等，逻辑清晰，阐述清楚，能感觉到老师们的用心。更重要的是课程还提供了很多课程资源和参考书籍，非常有利于课下自主学习。希望金融工程概论慕课能够越做越好。,1
《金融工程概论》慕课是我在mooc平台上参加的最有质量的一门课，老师教的很深入，可以把理论、实际、应用都结合起来，课程内容干货满满，一节二十分钟的课有时候得看到一个小时才能完全接收，对于抱着认真学习的目的的同学真的是收获颇丰。看慕课视频比自己啃书学习要来的轻松一些，也更能收获书上隐含的知识点，比课堂授课接受起来更容易些，可以随时根据自己的状态调整进度，很方便有效。,1
金融学院的老师讲课都很有趣~,1
内容覆盖广 能带给学生启发,1
我觉着吧，还行,1
喜欢老师的讲授方式,1
内容丰富，资源多，老师讲的很详细,1
非常系统，专业！,1
我感觉整体都挺好的、挺喜欢的，就是感觉每一章节的作业跟考试时间不统一、时间很混乱，让人感觉很无语。很容易因为时间不统一而遗漏一些章节的作业、考试而错过了截至时间,1
二本院校的金融课程呵呵了，感谢这个平台!,1
老师的讲解全面，细致，整体结构完整全面，细节简述清晰明了，特别是引进了学生与老师问答的互动活动，使金融学的学习不再枯燥及晦涩难懂。如果有什么要求的话，就是对于数学计算，尤其是方差等应用，能不能再讲解的简单易懂一点。,1
这本课程非常专业，强烈推荐,1
"
让我学到了很多金融知识
",1
《金融工程概论》内容比较丰富，知识点全面。唯一一点，也许是我的理解能力比较差，有时候不是很理解视频中讲解的内容；有的章节的几个知识点间的跳跃性对于我来说比较大，不太明白怎么就转变成了这个。,1
老师讲得很详细生动，要点齐全，内容翔实。很喜欢老师们的授课方式。但如果进度再慢一点就更好了。我感觉进度过快，还没有完全消化就跳到下一章了。但是总体还是很棒的！！！,1
把理论知识讲解的通俗易懂,1
授课思路清晰，层层深入。很多理论结合案例对实际工作很有帮助。,1
讲解的非常全面，哪怕不是人力资源专业的都能听得明明白白，而且非常的实用，对日常学习工作都有很大的帮助,1
课程内容再详细一些就好了,1
老师很好 内容有趣,1
可以学到很多知识，很好推荐给朋友了。,1
老师讲的好，课件简洁准确。,1
老师讲的内容深入浅出，贴近业务实战。里面的企业案例以及工具、模型和推荐书籍都值得进一步挖掘。赞！！！,1
课程内容很精彩，习题也很有代表性，设置的老师问答环节和讨论环节也对我们的学习很有帮助，但是单元测验的时间隔的太紧，系统没有很好的规划学习进度，希望以后能够改进 。,1
我认为慕课在老师的课堂之外，对我的知识点做了很多补充；而且更加地简洁，比较适合日常的归纳整理，对我有很大帮助。,1
课程内容规划合理，老师的讲解和答疑都非常清楚，给到我很大帮助。,1
金融工程概论带我认识到了一个新的世界，极大的提升了我的专业素养，看扩了我的眼界,1
作为一个非会计专业的同学，其实学习会计学这本书是有点难度的。平时课程进度也比较快，有的时候跟不上便看看慕课视频学一学，收获也比较大，弥补了挺多平时的漏洞。再加上课后习题训练，有自主讨论和老师答疑，随时发现自己不足的地方，帮助及时止损。希望在会计学慕课结课后，会计学考到满意的分数，未来对于cma的学习有帮助。(/ω＼)害羞,1
这真是一个非常好的学习平台。能够帮助我们更好地理解课程内容，从而掌握更多的会计知识。不仅有概述视频，还有课程文档。不仅有随堂检测，还有课内研讨。给我们学习知识提供了许多方便，在此慕课设置了许多不同专业的不同知识，能够广泛学习文化知识，而且能够学习到许多知识渊博者对某些问题的独特的思考方式。也让我学会用发展的眼光来看待问题。,1
课程短小，重要的知识点讲解清晰，学习效果较好,1
老师讲的超级认真，也很通俗易懂，慕课的这种方式有助于我们去预习并且在课后做到及时巩固趁热打铁，是一个很不错的平台。还可以和老师互动交流。提问问题，能及时解决，为老师点赞，为慕课点赞,1
上的超级好！很喜欢老师！,1
我觉得此慕课对我的帮助非常大，通过学习慕课可以及时的预习，还可以课后复习，又有配套的练习题，简洁明了，直击重点。授课的老师讲的很明白，课后练习题中解答题目的老师解释的也很清楚。我希望学校以后能开启越来越多类似的课程，拓宽学生的知识面！,1
课程的内容很系统，老师答疑能帮我解决很多问题，线上的互动十分有效，参与课程以来，我学习到很多知识。,1
通过这门课程，我学到了会计学的基础知识和简单实务的处理，受益良多,1
"1.视频内容与教材紧密结合，老师讲解清晰明白;
2.不仅有教材中的知识，还有拓展内容;
3.例题很有代表性。",1
"优点突出：将学科知识通过动画的形式展现，生动形象，便于理解领会。题目高度凝练，便于学习
缺点：题目中存在错别字现象",1
老师备课很用心，讲解的很有水平，回答问题时也很负责。从这门慕课中学到了不少知识，完善了自己线下上课中有缺陷的地方。,1
這網課在我們課本的基礎上做出了簡述和一定的補充，對於我們學習會計學十分有利，而且每節課和每個單元結束都有一個測試，不僅做了一定的題而且鞏固了所學知識，很好。好評,1
个人感觉这一期的会计课质量不错，视频讲解到位，老师答疑详细，且有开放的讨论区。,1
还可以，了解了很多以前不知道的东西,1
喜欢蔡如海老师讲课，声音洪亮有力,1
学习金融学之后对银行和各类金融事物的接触更深了,1
内容充实，讲解也比较全面，对于会计学初学者来说受益匪浅呢,1
"       我很喜欢mooc上我们学校开的会计学这门课程。
       首先，授课老师讲解的十分细致生动，让我有很多的收获，在巩固了线下课堂知识的同时帮助我们进行了知识的延伸。
        并且随堂测验、章测和老师与学生互动的环节使这门课程更加的丰富，更加具有实用性。也可以让我们可以不断巩固复习学过的知识。
       最后，非常感谢所有为这门课付出的老师包括及时并热情回答我们问题的老师们，让我们在学习会计学这门课程时可以不断进步，不断丰富自己。",1
讲的挺好的，但是还要大量练习,1
讲得非常好！令我茅塞顿开,1
很有帮助呀~,1
  深入浅出，结合生活情境，不错。,1
课程内容和案例生动、有趣，非常有用。,1
讲的太好了，醍醐灌顶，让我豁然开朗，学到停不下来,1
网课内容通俗易懂，既可以作为预习视频，同时也能作为课后复习视频，视频后单元习题和测验都十分有帮助。,1
老师讲课讲的很好，内容深入浅出，案例生动有趣，贴近生活。课后习题切中重点，让我更好掌握课堂内容。通过对本次课程的学习，我对会计学内容有了深刻的了解与认识。感谢老师们的辛苦付出！！,1
课程讲解比较详细，对学习会计有很好的辅助作用，内容与书上略有不同，可以加深对会计的了解。,1
很方便，能作为习题的补充，还能方便复习和预习，提问交流都很方便快捷,1
课程内容非常充实，可以通过慕课预习，课上讲的可以通过慕课再复习一遍，对于学习特别有帮助，谢谢老师们～,1
在学校内听老师讲课很容易跟不上老师的进度，下课之后找到对应章节就可以顺便解决疑惑并且复习~金融工程是学习金融量化方面必备的基础，尤其在本科我们接触的量化如此少的情况下，重要性不言而喻，但是还是希望有些方面老师可以讲的细一些~,1
金融工程概论这门课程是为数不多的金工网课了，满满的干货，跟老师讲课的思路不一样，算是给我自己去理解金融工程概论这门课提供了不同的角度。,1
课程内容丰富，老师讲的很清楚，重复观看可更清晰的理解知识点,1
"作为一名视频爱好者，一名广播电视领域从业者，我看到金融工程慕课团队的匠心。

视频课程从丝丝入扣的理论讲解，到深入浅出的举例说明，再到条理清晰、针砭时弊的内容分析，让学生真正从各方面领悟这金融工程概论这门课程最深刻的内涵。

同时，视频的制作也颇具匠心。无论是多机位的切换还是后期的合理剪辑，再到纯粹简洁、绝不冗余的构图方式，让学生在享受高质量视频内容的同时，学习着知识。

最后，向女神老师们致敬，感谢你们的精心准备和耐心制作！金融工程概论MOOC，我打满分！",1
这门课一方面针对老师课堂上讲解过的理论知识，例如可以利用远期利率合约锁定利率等给出了具体生动的例子予以佐证，让我对利用金融衍生品套期保值和套利的具体步骤有了更深入的了解；另一方面针对老师在课堂上略讲或者没有讲解的内容，例如远期股票合约等知识进行了补充，能够进一步拓宽我的知识面，加深对金融工程的理解。,1
中央财经大学在中国大学慕课网上讲授的《金融工程概论》是一门很好的课程，课程分别有视频和课件，可以满足不同的学习需求，讲课内容也十分详细，对于面授课时不多的学生有很大的帮助，课前预习课后复习都有一定的帮助，学习这个网课后，上课很多一知半解的东西都有了更深的体会，章节测验也可以随时检验学生的掌握程度，总而言之这是一门相当不错的课，希望这门课能一直办下去，给学弟学妹们也带去帮助，同时，录制这门课视频和整理课件的老师们辛苦了。,1
这门课程讲授的内容和老师在课堂上所讲授的大方面相同，但是侧重点不尽相同，能够和老师在课堂上讲授的内容互做补充，让我对很多知识点有了更为详尽和全面的理解。,1
在和老师一起学习的过程中，我不仅了解到了金融工程是如何发展到如今，而且还了解了不少金融工具的运作方式。明白了金融学家们是如何通过资本运作的方式来规避风险，使得风险最小化的同时利益最大化，实在是受益匪浅,1
王辉老师讲课炒鸡棒，课堂上没学到的知识在这里得到了补充,1
课程十分用心，讲的和课堂上不一样但是可以互补，通过讨论也可以加深对该章节的印象,1
"总体上课程内容还是很适合我这种初学者的
但是部分章节老师的语速有点缓慢，实际上是没有必要的，希望可以后期修改一下把语速加快，这样可以有效缩短课程时间。",1
《金融工程》这门课是本校金融学院开设的，参与拍摄的老师都具有很强的教学能力和极高的专业技能。教学内容重点突出，难度适中，不管是专业学生还是非专业人士都能从中获益良多。通过对慕课的学习，我既进一步巩固了课堂上所学的内容，还了解了很多书本上没有的知识，希望这样的好课程可以被更多人看到。,1
部分课程太长，不方便抽空学习,1
老师真的是非常非常用心啦，慕课上的知识正好与课本上相互补充，使得我们了解了更多的会计业务的处理方法，而且慕课上所讲解的看懂财务报表方面的知识非常有用。谢谢老师，老师辛苦啦。,1
讲的很不错  而且回答问题很及时耐心,1
这门中央财经大学的金融课程深入浅出，学习材料非常全面，有课前预备的名词解释、课件、课后习题，老师的视频讲解、还提供了很多参考书目，我按照课程前的提示购买了金融学课本，课本里的很多知识都可以在生活中找到关联点，让我真正去开始理解金融这个学科，像我这种非经管专业的小白对金融有了一个全面的、系统的认识，非常感谢慕课大学和中央财经大学的老师们能给广大网友提供这样一个学习的渠道。,1
讲解逻辑清晰，国语发音标准。 对以前在学校不努力的我帮助极大~~Thanks,1
更加详细，深入的了解了人力资源管理。受益匪浅。,1
开阔视野，学习到了新的知识。,1
课程很好，学到很多东西,1
老师讲课思路清晰，教学质量高，常用实例来解释一些新学的知识点，通俗易懂，非常满意！,1
知识的架构非常清晰，讲述方法也很生动。,1
学习了人力资源发展趋势，受到较大启发，可以应用到实际工作上，感谢老师！,1
"安排很合理，老师讲的也很清楚
",1
谢谢朱教授的课程，学到了很多实用性的内容，真心感谢,1
朱教授简单明了的讲授，让课程简学易懂！,1
大学交互课堂的第一步！,1
学习的很充实，每天多充电,1
专业，案例经典、现代,1
很棒，但是有些还是不懂,1
"挺好的课程，有学习价值

",1
老师非常棒！课程也非常棒！对我的创业之路帮助很大,1
朱飞教授课程逻辑清晰，深入浅出，学习中。。。,1
通俗易懂，很贴合实际,1
"感觉本课程简单易学，对于我这种没有接触过人力资源的人，容易入手。课程结构及内容都相对简洁。
",1
"教学视频中老师讲解生动详细，同时讲课文稿也可以帮助更好的把握视频中的细节。在互动讨论中，同学们积极讨论，老师对同学们的问题也进行了详细认真的解答，为同学们提供了一个很好的学习机会。随堂测试和单元测验梳理了重要知识点，让同学们更好地实地掌握了会计知识。

   ",1
本期会计学课程内容详尽，老师的讲解很到位，课后习题答疑及时且细致，总体来说非常棒。作为一名本学期也学习了会计学的学生，慕课上的教学视频和习题帮助我加深了对会计学有关概念的理解，同时让我在做题的过程中强化了对知识的记忆。提出一个小建议：采用老师讲解+动画的形式便可，真人演绎看着着实有些尴尬，影响学习效果。,1
好 ，蛮不错的,1
课程很不错，然我们及时了解新冠肺炎相关知识。,1
意料之外的课程内容，没想到线上线下思修可以这样上，有趣多了。,1
知识丰富实用，让我们知道了如何防护新型冠状肺炎以及对于新冠的政策措施,1
好，我明白了,1
老师讲解的很投入，很认真~ 课程内容也不错，尤其是开始几章。。。,1
不错，获益匪浅,1
非常好的课程！很适合入门和不同程度的天文爱好者学习！,1
无论在各环节都非常好！受益匪浅！,1
非常优秀的课程,1
"课程给我的学习很大的帮助
",1
好的非常有用,1
课程很好，老师讲的很用心，很有收获,1
非常棒的主题英语,1
"写作能力的提高
",1
要点齐全，内容丰富,1
有收获，很棒,1
我觉得太好了。,1
深入学习了大学思修内容,1
掌握了许多知识,1
确实学到了甚多,1
真的学到了很多东西,1
挺好的，老师讲的很好,1
非常实用，学习到了很多知识！,1
通过学习，充分了解新冠病毒肺炎的防护，开学后更有底了,1
湘雅的老师讲的真好！,1
不错哦继续加油,1
关于新冠病毒的讲解非常棒,1
课程内容详实且很实用,1
内容详实，方式多元，大有裨益。,1
很好很好好很好很好好哈哈哈哈哈哈,1
很有用，讲的清晰易懂,1
课堂生动且浅显易懂，对我大学英语的提高带来了很大帮助,1
我从中学会了许多课堂上未延伸到的知识点，很好，老师很用心。,1
内容丰富，引人入胜。,1
教授的课幽默风趣，将枯燥的知识与生活中的现象有机融合，将天文、地理、摄影、历史、人文巧妙融合，让我这个初学者如获至宝，受益匪浅！不但学到了很多的知识，更从教授的博学中深切感受知识的力量！由衷感谢！,1
很有趣，眼界大开,1
老师讲的真好，有古诗的引入，横向比较地域的星象，让我们不仅更好的了解了星座知识，知道了星座在哪,1
老师在线，问题基本上都有解答，和真的上课一样，非常棒,1
通过看视频听老师讲课，使我学到了许多知识。老师讲课有趣、细致、易懂。感谢老师认真的讲解。,1
课堂有趣生动,1
好，太好了，非常好,1
哇！超出预期了。特别好，学了不少单词,1
太有用了 真心感觉棒棒哒,1
老师讲的很好，我很喜欢，对我的学习很有帮助,1
很棒啊，很有用,1
有利于个人英语学习,1
这个课特别好,1
此次课程让我受益匪浅，从中学到很多东西，满足对大学的向往，,1
内容细致。说明得很具体。很棒!’,1
我学习到了更多的知识,1
学生视频很有趣,1
经过一学期的学习我收获很大，谢谢老师,1
课程精美，是学习过程中很好的补充,1
学完这门课以后有很大的收获和提高。,1
有很大的收获，自己的素质有所提升,1
内容丰富，课程生动。,1
精神升华，学习了法律知识,1
带我感受天文魅力，从不感兴趣到了向往热爱,1
很有趣的讲座。,1
结合多种文化和相关知识，丝毫不枯燥。,1
！！！非常好 老师讲的很用心,1
普及天文常识，拓宽自己的视野,1
老师很幽默风趣，配乐什么的都有一种引人入胜的喜感,1
还可以，哈哈,1
内容很丰富，老师很棒,1
非常好，刷了我好久。收获也很多。,1
吴司百蔚牛逼,1
实在好，和视听说紧密相关，,1
学后受益匪浅,1
学到了很多与疫情相关的知识，很受用,1
课程设置不错,1
"确实应该要学习这防护知识，为开学做准备的不应该只有学校和政府，学生作为本体应该引起重视
",1
通过本次学习，我对于新冠状病毒有了一些基础的了解，对我在疫情期间做好防疫工作十分有帮助,1
通过学习更加懂得了如何应对新冠疫情防控,1
非常好，老师讲解深入浅出，非常的有趣同时又能让我们学习到知识，点赞！,1
学到了很多新知识，感谢老师,1
特别棒的一门课！,1
学有所成，学到了很多,1
课程内容丰富，非常受用,1
学习到了很多，收获满满,1
挺好，要是能附上《高等学校师生新型冠状病毒肺炎防控指南》电子版书记链接就好了。,1
非常棒的课！知识点多，还不枯燥,1
手抖了，和满分擦肩而过,1
"挺好的，就是资料有些少，希望更详细一些
",1
"非常好的一门课，收获很大，已经推荐给好几个朋友了。

",1
老师有激情哈哈,1
这是天文学课程，老师用华丽的语言以及精心准备的课件，给人一种舒心的享受。值得推荐。,1
这个课程非常有趣，把古希腊神话故事和天文知识有机结合在一起，于教与趣。,1
"很棒，了解了许多天文知识，和星座相关的神话更美。
",1
要是视频内能搜索就好了，或者老师能把讲授的内容放在一个可以搜索的地方，这样想回忆哪个星星想不起来老师怎么讲的，就可以直接搜索了,1
通俗易懂，不需要有专业的天文、物理知识也能听懂，老师深入浅出的讲解让我受益匪浅。,1
学到的挺多的,1
挺不错的，可以·。,1
很棒哒，学习了很多平常学不到的东西,1
老师讲述知识很全面,1
App还不错,1
课程十分精彩,1
非常有用，对于高校学生返校有着重大意义,1
太棒了，希望每个人都能做到居家隔离，不给国家添麻烦,1
从中受益匪浅,1
受益无穷 感谢,1
内容凝练易懂,1
老师讲解详细，为我们很好的普及了知识,1
通过生动的课程简单直观的了解新型冠状病毒肺炎防治的相关知识。,1
适合时事，应对需求,1
不错不错不错啊,1
虽然沉浸式英语学习很“爽”，但我感觉咱们的课程需要适当的加一些中文。,1
"好，紧跟实事,受益匪浅",1
这次课程还有测验让我了解到更多关于新冠状病毒，新冠状肺炎的知识。,1
"真的真的很好
",1
"很有收获，
",1
课程非常有帮助，内容很充实，老师也讲的绘声绘色，对学习有很大的帮助,1
很好用，很实用,1
感觉这个平台给我提供了更多的学习机会，对我帮助很大。,1
便于我们学习,1
"课程安排有序，方便我们学习
互评作业也让我学会很多答题要领",1
得到一些正能量的东西,1
课程很有收获，内容精到，让人大有裨益。,1
学习思修mooc让我学到了很多知识。,1
非常棒 棒极了,1
收益匪浅，非常好,1
学习使我成长，使我快乐。,1
内容丰富，每次课的主题鲜明，也有讲述外国的生活知识，增加眼界,1
教学非常细致,1
赞，受益匪浅,1
视频与作业穿插进行，让课程不枯燥不涣散，尤其是每堂课都有学生自制的小短片能够与我共鸣！很棒哟，不过我希望讲课老师多笑一点,1
很好很棒很棒,1
课程对我们的基础有了很大的提升,1
课程安排合理，内容翔实，对医学寄生虫学习非常有益！,1
"《医学寄生虫》慕课是对课堂内容的精简，同时也补充了课堂上所没有的有趣的图片和视频，让我更生动地去学习。课后练习也间接地帮助我学习和记忆。
希望以后的课程可以有更多临床病例的讲解与学习，而不是精简课堂内容，希望能学到课堂以外的更多知识。 ",1
视频简单易懂,1
课程老师讲解细致，上课认真，知识点全面，讲解的很清楚，收获很多,1
课程内容提炼出了每章的重点章节，课程安排详略得当，特别是讲解十分生动，有动画和图片的直观展示，每节课的长度也十分适宜，对课前预习和课后复习都起到了重要作用！,1
讲课逻辑方面非常的系统、有条理。有学生经常粗心忘记小测验的截止日期，希望能以某种方式提醒一下。并且希望望能开展更多的线上讨论，线下讨论相比起来更占用学生的时间，收益跟付出时间的比值并不高。另外，希望慕课能够提供更多有意义的科普以及教学内容，因为现在的慕课跟老师的教学授课没有多少差别。,1
内容很丰富，老师讲解的很仔细，挺感兴趣的,1
"第一，教学目标明确，完成任务好
第二，教学内容充实，正确，抓住重难点和关键
第三，教学方法适当，教师善启善导
第四，语言表达清晰，具有感染力
最后医学寄生虫学课程富有新颖性的领略其探索生活中各类寄生虫与人类的关系，具有良好的开拓知识的作用，希望大家能一起多多学习相关知识！",1
很棒的课程 老师们都很优秀,1
知识讲解详略得当，重点难点知识讲得透彻，推荐！,1
老师们授课方式都很耐心PPT也很详细,1
这课真的很好！！！强烈推荐,1
课程短小精悍，具有启发性，很好的预习材料！,1
慕课上的视频提炼了课程的重点内容，老师的讲授扼要易懂，存疑的地方还可以和同学讨论交流，共同进步。,1
"课程内容详实，老师讲的很棒，生动具体。
很多课程都给我留下了深刻的印象！如线虫，绦虫等等。吸虫部分中，蒋立平老师所讲的血吸虫，内容清晰，条理分明，深入浅出，听完后内容都历历在目。
这门课程真的很优秀，老师真的都非常用心
听过这门课程，我真的受益匪浅，感谢老师的付出。",1
非常好的课程安排，学到了很多东西！,1
老师认真负责 非常好的课程 能学到很多知识 ！,1
老师上课特别仔细,1
学习起来很有效率，老师讲的也很仔细,1
感觉不错，英语提高了很多，谢谢。,1
"慕课非常好，在上面学习到了很多知识。
",1
不错，视觉享受，知识洗礼,1
挺好的，我学到很多,1
很棒！真的很棒！,1
医学寄生虫是一门很不错的学科，将给今后的临床学习打下夯实的基础。,1
"通过该课程了解了哪些微生物，会造成相应的疾病，这对我疾病的预防有很大帮助
",1
视频和ppt都对学习很有帮助，在课前看可以起到很好的预习效果,1
非常棒，学习到很多很有用的知识，马上要返校了，期待,1
内容扎实，播放流畅，答题系统使用顺畅。广大公开课最大的障碍在于播放是否方便流畅、相应考勤考试系统是否无故障。做得非常好。,1
很好，对个人防控新冠病毒肺炎很有用。,1
总体来说不错,1
好哇！！！！,1
很受用，很专业,1
老师讲的真好，开学有信心！！！,1
非常棒，为以后的疫情工作提供巨大帮助,1
感谢中南大学湘雅医学院的辛勤付出！,1
学到了一些知识很有帮助,1
很好，都是干货,1
内容翔实，深刻学习到了有关新冠的方方面面的知识,1
视频的内容十分翔实，把上课没掌握扎实的部分又加深了印象，对我有很大的帮助，小测试的难度适中,1
很棒！在家学习必备,1
老师答疑很好,1
条理清晰，讨论也很好,1
很受启发，好课,1
老师讲得很棒也很详细,1
hao哈哈哈哈哈哈哈,1
"棒极了呀！
",1
很棒，内容有趣,1
老师讲的很好，很到位,1
很好 PPT简洁明了 老师讲的重点突出,1
"太有用了谢谢
",1
与上课类容紧密结合,1
对英语课下学习很有帮助,1
主题英语这个课程真的一级棒，在这里我学到了很多。,1
思修是一门让人精神升华的课程，让我们认清了世界格局，祖国的现状，社会的发展规律。让我们懂得了人要有理想，要有奋斗精神，组织实现人生价值。在学习过程中我还体验到了PPT，演讲，慕课等丰富多彩上课形式，在有个性化的同时紧扣主题让我对这门课更加有兴趣。,1
"非常好，很有趣
",1
"好，对我学习有帮助
",1
限于时间，课堂上能够涉及到的知识总是有限的，慕课平台为我们的思想道德修养与法律基础的学习提供了一个课下学习的机会。,1
老师讲的超棒！每一节都让人惊喜~,1
老师讲的很浅显易懂，让我们更容易了解寄生虫方面的知识，收获满满。,1
课程内容详实、逻辑清晰、老师讲解简明扼要、生动有趣，收获颇多！,1
收获很多，学到了很多知识,1
整体十分不错，知识点清晰明了，希望期末考试（纸面）简单一点，听说临五最高挂科率就是这门了,1
课程非常的详细，提高很大,1
课程富有多样性，选修了《病原生物与人类健康》这门课，老师要求我们看慕课。上课过程中，老师循循善诱，激发了学生们的兴趣，让我们对病原微生物有了大概的了解，也提醒了我们再日常生活中更加注意这方面的安全。,1
"老师讲解的很好，大二还没开始学寄生虫，作为选修课选了这门课，从mooc了解了很多寄生虫方面的知识，是门很好的mooc。
有问题提在讨论区里面，同学老师也会及时解答，看得出老师们都很用心在准备这门课程。不是医学生也能听得懂，也可以作为扩展知识了解病原生物。
",1
老师讲得很好，配合线下课堂教学，能充分激励我们独立学习。,1
这门课程，老师讲的很认真，很详细，课程内容生动有趣，让我受益匪浅，学到了很多内容，课后测试题也很精炼，帮助我在学习后及时巩固复习学到的知识。,1
内容丰富收获很多,1
老师们都很认真负责，讲课比较生动有意思，虽然之前已经上过寄生虫理论课，但是选修课的再一次回顾和学习，以及慕课的补充，讨论区同学们的精彩发言，都让人受益匪浅！,1
内容完备，讲解生动形象准确，便于记忆，课后习题有利于加深印象,1
本来以为和线下类似是简单的科普性质的课程，但是打开发现是和专业课寄生虫学一样认真的正式教学内容，因为高中接触了竞赛但是大学还没有学习寄生虫学，所以慕课的内容还是十分亲切，主讲老师水平也很高，尤其是汪世平老师给我留下了很深的印象。虽然是多位老师共同上课，但是大家各有所长，能体会出老师们的用心。对讨论区的关注度也远远多于我所上过的其他网课，经常看到负责的老师亲自回答问题，是以往上过的慕课中很少出现的情况，正式的讨论环境使人舒服。唯一的不习惯之处是单元测试截止较快且考试时间较早，比其他慕课早一个月左右，有些措手不及，如果老师能统一一下测验的截止日期，或者在上课时稍作提醒就更好了。课程很棒推荐选择,1
"超出预期的好。
",1
感觉慕课学习很有意义,1
"获得了很多课本以外的知识
",1
新学到了很多单词，对中国传统文化有了更深入的了解，并且对如何写出一篇好的文章有了更好的领悟,1
这种以某个主题为单元的课程能让人更好地记住课上的单词，短语这类内容。其中关于写作的部分更是让人受益匪浅。可以说有趣又实用。,1
很不错，学习方式很新颖，能够吸引人，是一种不错的学习方式。当然了，老师的水平也是极高的！,1
课程新颖，内容充实，很不错！,1
课程讲解十分到位，老师的思路清晰，点赞,1
"课程内容完善
",1
通过不同的事例，让我进一步了解和深入体会了课程的内容,1
慕课还是一种比较好的学习方式,1
思修让我的思想有了提高,1
很震撼，很详细，是一次灵魂的升华之旅。,1
通过思修的学习，我完善了人生价值理论体系,1
有些案例之前不知道，看完慕课后才了解到，算是长见识吧。,1
老师讲的很棒，小测试也很棒,1
这门课教会了我很多知识,1
牛啊，好好啊，点赞,1
很棒，知识点到位,1
从各方面了解掌握了相关知识,1
挺好的，在疫情期间多了解这方面，跟进实事，十分有意义。,1
让我更全面的了解病毒和相关防范措施。,1
"中南大学强！
",1
受益匪浅，收获多多,1
内容不错，随着疫情发展可能需要更新内容。,1
期待期待(??????????)啦啦啦,1
等待老师的开课，对光学，力学进行更多方面的讲解。,1
慕课做得好啊,1
巩固了知识点,1
找不到机械波的视频啊,1
彭老师机械波线上线下讲的都好，爱了爱了。,1
老师很有趣，教学方法务实有效，教学内容覆盖多知识点，视频内及时使用题目或者例题巩固所学内容，最重要的是支持老师与CSU！,1
内容讲解很到位，题目适中，帮助学生理解知识点，有逻辑。,1
来打个广告，最爱杨老师,1
"实名给唐英老师打call,讲的仔细，也善于启发学生去思考去探索，而不是一味灌输知识，这样有实力还认真负责的物理老师真的很喜欢",1
旭光教授讲的太好了！深入浅出，逻辑清晰，还不乏与同学们的互动，很有课堂感，很棒的一节课！,1
旭光老师最棒，好喜欢上他的课,1
特别期待大物下学期的慕课，要是能提前出来暑假预习就太好了,1
"棒！！
杨老师把知识点都剖析的很透彻",1
唐英老师准备的好细致，非常精炼，不亏为模板。,1
期待彭政老师的机械波，线下是讲得真的好,1
迫不及待想看唐英老师的课了,1
大爱旭光老师，讲的很清楚,1
老师讲得超级好,1
"小组展示十分生动有趣
",1
收获颇多，很有感触,1
学习到了英语的有关知识,1
中南大学nb,1
课程内容丰富，讲解到位！,1
与课堂教学相辅助,1
非常不错的教程，知识点都比较精炼，不过可惜ppt和老师交互略有不足,1
是的，同意楼上，李老师特帅,1
旭光老师讲的真好,1
课程很棒，视频做的很精美，很喜欢李旭光老师的课程，慕名前来，讲的很透彻，一次很好的听课经历,1
唐英老师，赞起来,1
非常棒，学习方便,1
嘿嘿 非常好,1
非常非常满意,1
mooc真的帮，超喜欢这里。,1
通过慕课的学习，让我更好地了解了思想道德修养与法律基础与我们之间的密切关系。,1
学习讲解很到位,1
课程内容丰富多彩，老师讲解清晰到位，课堂讨论激发思考，总之非常赞，希望可以越办越好。,1
我觉得对我帮助很大,1
让我深刻的认识到了国家与我们个人，个人与社会，个人与个人之间的紧密关系，各项法规的重要,1
线上学习体验很好，学习时间比较可控，学习形式很好。,1
很好的平台，棒棒棒,1
"很舒服的课
",1
这个非常有效，感觉自己的英语得到了一定的提高,1
简直太好了！！！！,1
课程很好，拓展了很多知识,1
给我很大的启发,1
收获挺大的感谢给我们这么好的学习平台,1
课件上米一颗老师都讲解得非常详细而且很实用,1
很好的课程，受益匪浅，感谢各位主讲老师和《主题英语》慕课团队！,1
Rill老师讲的很详细也很生动，每次都很期待她讲的有关传统文化的内容。学习之后真的受益匪浅。,1
课程内容组织良好，授课内容具体。,1
感受很大，爱国之情油然而生,1
受益匪浅，懂得很多知识,1
很好啊我认为,1
好，很好，非常 好,1
老师能不能更新快点呢？有点不够看,1
"受益匪浅，谢谢平台，感谢老师
",1
很好的学习资源，内容丰富，讲解清晰，非常受用！！,1
本课程让我在课后能够更好地复习相关知识，优秀！！！,1
本课程除了介绍英语知识外，还讲了许多有关的文化内涵，人文故事，是一门很棒的学习英语的课程,1
有许多收获，在这里也可以和同学线上交流，感觉很好,1
受益良多，很有用,1
授课方式很容易接受,1
老师教得很用心，知识点的教授结合了传统文化，是我很感兴趣的点,1
"内容不错，值得学习
",1
挺好非常有帮助,1
"讲解细腻详尽，老师也很好
",1
很有效的一种学习方法。,1
学到了很多作文技巧，赞。,1
以生动现象的教学方式教会了许多新知识,1
挺全面的课程,1
"通过这个课程更加了解新冠肺炎病毒

",1
非常棒，提供了全面且详实的新冠知识，十分有助于广大学生自我鉴别，以及宣传。,1
不错不错 恩,1
视频短，但内容却十分丰富，要点都说到了。,1
及时鲜活的课程简明扼要传授了防疫知识，让抗击疫情的人民战争大课堂与网上小课堂同频共振。面对突发的疫情，直指人心，引导着我们树立战胜新冠肺炎疫情的必胜信念。,1
超出预期的收获,1
内容详实，简洁易懂,1
学到了很多课堂上学不到的东西,1
真的感觉特别棒,1
真好，下学期能否取消,1
"非常棒！！！
",1
挺棒的  适合课后学习巩固,1
老师深入浅出，讲课生动。,1
我觉得还是可以获得思考的,1
线上学习很有意思,1
"确实令我受益匪浅，是我的大学生活有了一个良好
开端
",1
我觉得课程带给我的收获很大,1
课程内容很有教育意义，也让我认识到更多关于思想道德方面的知识，其中线上线下混合教学的模式让我们可以更好地学习这门课程,1
比唐海波的课好,1
很有用，加油,1
"案例很多，贴合实际，印象深刻
",1
课件内容丰富,1
MOOC真的很棒,1
课程设计真的很好，对我的帮助很大,1
学习了很多的新词汇，口语发音得到了改善，语音语调语速得到了改进,1
生词还是有点多，不过了解了很多文化常识,1
随时随地，想学就学！,1
有趣，很生动,1
讲解生动清楚,1
"学到了很多的防疫知识
",1
内容详实，讲解详细！,1
可以学到很多东西，刷新你对新冠的认知,1
比较系统全面地介绍了相关知识，超级棒！,1
增加了我对新冠肺炎病毒防治的很多知识,1
"
优秀，内容丰富，科普强",1
课程形式丰富多样，内容通俗易懂。,1
学到了很多预防新冠病毒的东西,1
课程组织内容丰富，老师讲解生动,1
教师资源优良，学习氛围浓郁，节奏很好,1
"收获颇丰，不错
",1
讲的非常好，和考研接近,1
感觉挺好的，课程很棒,1
wow棒极啦,1
很有用，感觉慕课为我的学习途径增加了渠道。,1
讲课方式比较新颖,1
内容非常丰富，老师授课也很生动。,1
课程让我明白了大学是什么样的,1
真是太棒了，如此的网络教学，让我随时可学。,1
爽爽爽爽爽爽爽爽爽爽爽爽爽爽爽爽爽爽爽爽爽,1
也好，特别好,1
不错 讲的很清楚,1
累，但是可以检查热爱,1
内容充实方法适当收获满满,1
"mooc真的很赞呀
",1
很好，不错，感觉蛮好,1
知识点很全面，老师们的讲解用心而有意义。,1
感觉学到了很多，掌握了很多,1
好得很！奥力给！,1
好哈奥好啊哈哈好好,1
很好 很全面,1
医学寄生虫这个慕课挺好的，内容通俗易懂，适合课前预习。,1
还不错，用来预习还挺好的，希望老师能提前把其他章节发出来。,1
PPT更详细一些,1
通过慕课学习，可以很好的抓住学习的重点,1
老师的课件非常精美，比书上精简许多，喜欢！,1
很好的医学寄生虫,1
通过前面几章寄生虫慕课学习，让我学习到了很多关于寄生虫方面的知识，这些知识与我们生活也是息息相关的，老师们讲解的生动细致，制作画面也很是精美，期待之后的章节学习～辛苦各位老师啦～,1
老师讲得非常生动有趣，收获颇多。,1
蒋老师讲的的确好 不服不行,1
学到了很多非常多的新冠病毒的知识，非常难实用，而且课程特别详细,1
老师有非常认真的准备材料，课程有逻辑，好理解。十分感谢。,1
超级棒，很详细,1
五个字，好。,1
"挺好的，我觉得
",1
视频很生动  让人不主的学,1
MOOC课程以多种形式传授课程，有中国传统文化的介绍，情景剧形式，访谈形式，多样有趣且易于接收。,1
内容很好，但还可以再生动一点！,1
好好好还哦啊好好,1
课程很棒，跟着学习收获了很多，也拓展了知识面，,1
谢谢老师哈哈哈。,1
学习的内容很丰富，但还是希望不要规定每篇都评论才算学完课程，,1
慕课真是一个好的学习平台,1
老师讲的很好，不过这些虫子图片还真够恶心的哈哈,1
老师备课仔细，讲的特别认真,1
这个课实在是太好了,1
hhh挺好的,1
"非常好 very good

",1
课程详细生动,1
让我受益匪浅！,1
老师讲的很好，准备的也很充分,1
讲解非常到位，题目非常经典，内容非常详尽,1
"作为课外学习和补充都十分不错
",1
可以学得更好,1
全面到位、条理清晰,1
棒 有了更深刻的理解,1
让我们对新冠病毒更加了解，因此可以做好更有效的防护。,1
老师讲的防疫知识很全面,1
课程做的非常用心,1
很好的课程，十分全面，湘雅真棒,1
更加了解新冠病毒了,1
"嗯，很受启发，一定要注意了
",1
很不错 在平时课程之上有了更多的提高,1
老师讲得非常生动，很不错的学习体验,1
抱着对于病原微生物的好奇，本学期我就选修了病原微生物与人类健康这一门选修课。作为医学生必修专业基础课之一，医学寄生虫学对于医学生未来疾病诊断和认知有着极大的帮助，而病原微生物与人类健康这一门和寄生虫学息息相关的选修课也做到了这一点。课上，老师对于不同病原微生物分门别类进行了讲述。着眼医学寄生虫学基础，紧扣教学目标，并着眼于实践，将我们带入了标本室进行了观察，突出了学科特色。慕课的内容十分亲切，主讲老师水平也很高，能够从课程的编排中体会出老师们的用心。讨论区尤其具有特色，讨论气氛十分浓厚！老师会十分关注同学们提出的问题并予以解答，并根据实际调整课程进度。这在其他慕课教学中是很少出现的情况。正式的讨论环境使人舒服，课程逻辑方面非常的系统、有条理。课程制作也十分精致，课件排版合理，每一节课程长度适宜，有动画和图片供学生参考，对个人将来寄生虫学的学习打下基础。希望之后在课程、测试安排节奏上稍作调整，供学生有更多时间吸收知识。,1
"内容很丰富，其中一些知识对拓宽知识面很有帮助，不仅是英语
",1
"非常好，课程讲解很清晰也很有逻辑
",1
该课程上课内容切中时事，提供很多有建设性的意见，形式多样，十分优秀,1
很好，对许多纷乱嘈杂的新冠相关知识做了一次很好的归纳总结，适合人们学习,1
课程设置很全面，讲解很细致,1
课程中学到了很多东西，很有意义的课程,1
"真的太棒了

",1
课程安排合理，干货满满！收获颇多！,1
对新冠病毒疫情相关情况有了更深的了解，也学会了如何进行有效防护,1
让人身临其境的教学模式,1
新颖的学习方式，收获很多！！,1
不得了不得了，干就完了，加油，奥利给！,1
课程很好，看完了很受用,1
"感觉课程内容很丰富

",1
不错，线上线下相结合,1
"学习效果太好了
",1
非常非常好我认为,1
对我启发很多，受益颇深,1
香，是个很好的学习平台,1
学习使我进步,1
真的很不错，容量大,1
老师讲的非常好，补充了很多词汇，增加了阅读量，锻炼了听力和翻译能力。为所有参与者点赞。,1
可以帮助学生自主学习，非常好。,1
很棒啊 拓展了自己的边界,1
字幕很好，除了有些时候没有以外，老师发音清楚流畅,1
老师讲课方式循循善诱，中英文双字幕，全英文讲解，真的很不错~,1
感觉思想觉悟提升了很多，更加靠近了中国特色社会主义,1
"教学方式循循善诱，而且是中英文双字幕，很贴心。
谢谢老师们的作品",1
观乎蚊蝇，可以察天时；观乎钉螺，可以察地貌；观乎寄生虫，可以为善民生。,1
让我学到很多课外的知识，阔宽了眼界，增加了很多英语技能,1
我认为慕课让我们在课余时间能够预习知识和复习知识，收获很多,1
中途选进的此课，总的来说线下和慕课老师的授课都非常认真，准备得也很充分。我每个视频都看了，收获颇丰。了解到了许多寄生虫病的来源，传播途径，预防及治疗手段等等。章节的章末检测及作业设置都得很全面，能帮助我清楚自己的薄弱区和不足之处。一点美中不足的是章末检测时间没有提醒，导致我最后的慕课期末测试错过了时间没有完成。由于是中途才选上的课，选课之前的章末测试已经错过也没完成。总体感觉还是不错的，收获了很多知识！会推荐给身边的同学和家人去学习、了解在我们身边的骇人的寄生虫病！,1
学习了新冠肺炎的相关知识，受益匪浅。,1
"普及了基本知识，很有用！
",1
内容讲解详细、生动，形式多样，获益匪浅。,1
很好，雪中送炭,1
短小精炼的课程对我们很有帮助,1
"太棒了，学到了很多
",1
课程讲解很仔细，个人感觉对后面的返校疫情防护很有帮助。,1
很有用，解答了我很多问题,1
很好好好好好,1
太好了，很使用，很具体,1
非常好，值得大家学习！,1
"在思修课上学到了很多
",1
非常好，让我对自己的学习习惯有了很大的改善。知道自己的不足之处，也让我对自己以后的学习有了比以前更好的规划,1
很好，很有效果,1
阿斯顿阿斯顿,1
老师讲课很活跃，引申了许多知识。增加了我们学识，加深了我们对问题的见解，对我们道德修养也大有提高。,1
"内容丰富，教学方式独特
",1
扩展我们的视野，提高我们的政治觉悟,1
开设的课程很好，让我在课堂之外学到了更多的知识，很好。,1
视频清晰简洁明了,1
棒，实属上乘,1
十分好，让我对政治有了很大的兴趣。,1
教学内容丰富，方式新颖，我收获满满。感谢各位老师的付出。,1
我收获了许多。,1
很不错，很有帮助,1
老师教的很好，我还会再看的,1
"感觉比较冗杂，总体良好
",1
"课程特别好
",1
老师的讲课非常精彩，很有哲理，能发人深省,1
很方便，很有趣,1
我学的很舒服,1
"非常的棒啊!
",1
很喜欢 可以随时停下做笔记 老师讲解速度也刚刚好 配合PPT做笔记很方便,1
总体感觉还行,1
"很好学了很多
",1
使用方便，资料齐全,1
很棒，很有收获，,1
超级棒 超出预期,1
课程不够精炼，很多东西用处不大，脱离实际，有待提高.,1
"很有用让我受益匪浅
",1
棒，慕课很好,1
学习课内外知识 弥补不足,1
感觉用起来很方便,1
感受到了社会主义的熏陶,1
呜呜哒打底袜我,1
青年人要有大担当,1
昂不错ok、,1
课程很好，表示下学期会来继续学习。,1
课程内容质量很高，进度也比较合适,1
"哇，好的超出预期了
",1
好好好好哈哈,1
很开心，快乐,1
好好学习，做好个人防护,1
很棒很棒！！！！,1
课程全面、易懂，授课老师态度和蔼，讲解风格亲切，值得推广！,1
非常好，学到不少知识,1
好好好好好 ,1
不愧是中南大学，讲的内容又多又快，虽然节奏有点跟不上，但足以见得老师们讲课技艺精湛，生动形象。,1
课程非常好，学习到了很多有关新冠肺炎的知识,1
特别棒的课，生动有趣。,1
"课很多，很棒
",1
很棒很棒 继续加油,1
非常好，在课余时间提空学习平台。,1
非常棒，对我作用非常大，我非常喜欢学习!!!,1
内容生动有趣，测试结合实际,1
教会了我很多在线下课堂上学不到的知识,1
好呀呀呀呀呀呀2,1
课程形式新颖，学到很多,1
课程内容组织上再多一点电影视频就好了,1
非常好和教材完美结合,1
很好啊！课程给了我很大的启发,1
很好的弥补了我上课之外的不懂,1
更多的将课本知识与实际生活联系起来,1
有方法，循序渐进,1
非常好，老师讲的很仔细,1
进一步加深了新冠疫情防控的知识,1
内容全面，简单易懂。老师们很棒！,1
该课程从专业层面为我解答了很多困惑，同时教予我正确的疫情防控措施,1
线上课程也非常好，学习起来很有互动性,1
从这次课程的学习中，了解认识到了许多有关病毒防护的知识，希望以后还能从中学到更多知识。,1
很好 学到很多新冠病毒相关知识,1
"学到了卫生健康防疫知识
",1
挺实用 科普价值的,1
在这个时期非常有效,1
该慕课以图片、动画、视频及案例等多种形式，系统地介绍了新型冠状病毒的基础知识，临床知识，防护知识，心理健康知识，受益匪浅。,1
非常好的课程，内容充实详细,1
课程设置得很棒,1
对新冠肺炎有了更加全面的了解,1
老师讲解非常清楚,1
真的太好了，老师很用心我们很细心,1
很生动，讲解很全面，老师们都很棒。,1
内容很充足受教了,1
制作精美 ，讲解优良,1
课件知识总结很好,1
老师讲的超棒！！！,1
有帮助，不错,1
感谢每位老师 真辛苦你们了,1
学习时间非常灵活，视频精简很棒,1
视频教学内容丰富，形式多样，教程新颖，下次还来,1
讲的挺好的，学到了很多,1
医者仁心，悬壶济世,1
收获很多，补齐了之前的知识盲区,1
非常受启发！,1
制作用心精细,1
老师的介绍耐心而全面，使我对新冠病毒有了更深层的了解。,1
很好，有用的内容,1
学习到了很多之前不知道的知识，解开了一些误区，非常优秀！,1
我国疫情得到有效迅速控制离不开大家的努力,1
"       学习完全部课程后，我感到受益匪浅。
       从内容方面来说，这个系列mooc不仅包含新冠肺炎的临床诊断，还讲解和对比了不同病毒所致呼吸系传染病的特点。同时，对于大众最为关心的，自己如果感冒发烧，到底是不是感染新冠等，也做出了详细的说明。可以说无论民众还是医学相关领域的从业者，都能从中学到很多。最后，有关要不要戴口罩，什么时候的问题，课程深入迁出的划出了不同场景下，不同类型口罩该如何使用。而明确不同口罩的适应场合，对于节约和规范医疗资源的使用也有帮助。
       从指引的意义来说，现在很多大学同学最为关心的就是什么时候能重返校园的问题了。推迟开学，很大一部分原因是大学学生来自五湖四海。如果不能组织起有效的防疫措施和设计完善的疫情处置手段，大学官方是断然不敢随便开学的。而这次指引有针对性的设计了返校方案，对每所学校而言，都有重大借鉴意义，可以说是给出了大学生返校的湘雅方案。",1
好！长知识了！,1
这个课程在此新型冠状病毒肺炎疫情期间十分有意义，让我了解到更多有关新型冠状肺炎的知识。课程内容清晰明白，易于理解。,1
内容生动有趣，看视频一点也不无聊,1
还好啦，不错,1
好好好好好好啊,1
内容和形式都很适合大学生,1
太棒了，真的,1
课程很好，令我受益匪浅,1
"感觉自己进步很多
",1
"感觉思想人格得到了升华。
",1
"非常好，老师辛苦了
",1
很不错，收获很大。,1
就是章节测试提交的时间太早了,1
"收获真的超级多
",1
太棒了！很好的课程,1
讲解详细，清楚易懂。,1
比一般的网课好许多,1
还不错，有很多可以学的东西，要是有一些关于本专业的（如医学）方面的书籍就会更好！！！,1
非常的好，但是加油,1
老师讲课偏重要点的讲解,1
寄生虫真是越学越上头,1
课程简明易懂，受益很多,1
课程知识很丰富,1
收获颇丰 感触良多,1
"很有用处，很好
",1
晚上时间感觉很充实,1
"很棒很完美
",1
能在课中学到丰富的知识，很棒。,1
真的是超级有用 我希望这个平台可以越做越好,1
很开心能够自主学习,1
我觉得很棒诶！,1
"内容切合大学生
",1
很用心，受益颇多,1
非常好 很实用,1
好真好 太好了,1
课程出乎预期的棒,1
感觉比课堂收获更多，形式新颖，内容丰富,1
太棒了，老师很厉害,1
授课内容丰富多样,1
很不错，支持mooc，支持刘伟老师！（别的老师不认识哈哈）,1
"收获了很多
",1
课程内容讲解清晰、有条理,1
老师讲解精彩，详细,1
